operator,department,employee_profile,device_category,estimated_price_mad,budget_risk_score,risk_level,alert_flag,recommendation,real_price_range,real_price_label,predicted_price_range,predicted_price_label,prediction_confidence
Maroc Telecom,Finance,Usage standard,Milieu de gamme,2500,42.0,Moyen,0,Appareil conforme au besoin,1,Milieu de gamme,1,Milieu de gamme,0.9622
inwi,Finance,Usage intensif,Haut de gamme,4500,63.3,Élevé,1,Vérifier la pertinence budgétaire pour ce département,2,Haut de gamme,2,Haut de gamme,0.7111
Orange Maroc,Direction,Usage intensif,Haut de gamme,4500,60.8,Élevé,1,Vérifier la pertinence budgétaire pour ce département,2,Haut de gamme,2,Haut de gamme,0.9798
Orange Maroc,Finance,Usage basique,Haut de gamme,4500,61.9,Élevé,1,Vérifier la pertinence budgétaire pour ce département,2,Haut de gamme,2,Haut de gamme,0.9864
Maroc Telecom,Finance,Usage basique,Milieu de gamme,2500,41.2,Moyen,0,Appareil conforme au besoin,1,Milieu de gamme,1,Milieu de gamme,0.9902
Maroc Telecom,Support,Usage standard,Milieu de gamme,2500,39.6,Faible,0,Appareil conforme au besoin,1,Milieu de gamme,1,Milieu de gamme,0.9978
Maroc Telecom,RH,Usage standard,Premium,7000,95.2,Critique,1,Appareil coûteux : réserver aux profils premium,3,Premium,3,Premium,0.9958
inwi,Support,Usage standard,Entrée de gamme,1200,25.3,Faible,0,Appareil conforme au besoin,0,Entrée de gamme,0,Entrée de gamme,0.9862
Orange Maroc,IT,Usage intensif,Entrée de gamme,1200,24.7,Faible,0,Appareil conforme au besoin,0,Entrée de gamme,0,Entrée de gamme,0.6567
Orange Maroc,Commercial,Usage basique,Entrée de gamme,1200,17.1,Faible,0,Appareil conforme au besoin,0,Entrée de gamme,0,Entrée de gamme,0.9995
Maroc Telecom,IT,Usage basique,Premium,7000,93.6,Critique,1,Appareil coûteux : réserver aux profils premium,3,Premium,3,Premium,0.9638
inwi,IT,Usage standard,Premium,7000,96.7,Critique,1,Appareil coûteux : réserver aux profils premium,3,Premium,3,Premium,0.9981
inwi,Direction,Usage intensif,Milieu de gamme,2500,41.5,Moyen,0,Appareil conforme au besoin,1,Milieu de gamme,1,Milieu de gamme,0.9955
Maroc Telecom,IT,Usage basique,Haut de gamme,4500,62.4,Élevé,1,Vérifier la pertinence budgétaire pour ce département,2,Haut de gamme,2,Haut de gamme,0.997
Maroc Telecom,Commercial,Usage intensif,Entrée de gamme,1200,23.2,Faible,0,Appareil conforme au besoin,0,Entrée de gamme,0,Entrée de gamme,0.9959
Maroc Telecom,RH,Usage standard,Entrée de gamme,1200,18.7,Faible,0,Appareil conforme au besoin,0,Entrée de gamme,0,Entrée de gamme,0.9981
Maroc Telecom,RH,Usage premium,Premium,7000,92.0,Critique,1,Appareil coûteux : réserver aux profils premium,3,Premium,3,Premium,0.9985
Orange Maroc,Support,Usage premium,Premium,7000,91.7,Critique,1,Appareil coûteux : réserver aux profils premium,3,Premium,3,Premium,0.9565
Maroc Telecom,IT,Usage standard,Milieu de gamme,2500,39.8,Faible,0,Appareil conforme au besoin,1,Milieu de gamme,1,Milieu de gamme,0.9949
Maroc Telecom,Commercial,Usage basique,Milieu de gamme,2500,40.1,Moyen,0,Appareil conforme au besoin,1,Milieu de gamme,1,Milieu de gamme,0.98
Orange Maroc,Direction,Usage standard,Premium,7000,88.0,Critique,1,Appareil coûteux : réserver aux profils premium,3,Premium,3,Premium,0.9502
Maroc Telecom,Commercial,Usage basique,Premium,7000,95.0,Critique,1,Appareil coûteux : réserver aux profils premium,3,Premium,3,Premium,0.9996
Maroc Telecom,Direction,Usage intensif,Milieu de gamme,2500,41.9,Moyen,0,Appareil conforme au besoin,1,Milieu de gamme,1,Milieu de gamme,0.9944
Maroc Telecom,IT,Usage intensif,Entrée de gamme,1200,25.2,Faible,0,Appareil conforme au besoin,0,Entrée de gamme,0,Entrée de gamme,0.9886
Orange Maroc,RH,Usage intensif,Milieu de gamme,2500,40.4,Moyen,0,Appareil conforme au besoin,1,Milieu de gamme,1,Milieu de gamme,0.9583
inwi,Finance,Usage intensif,Haut de gamme,4500,63.7,Élevé,1,Vérifier la pertinence budgétaire pour ce département,2,Haut de gamme,2,Haut de gamme,0.9836
Maroc Telecom,Support,Usage standard,Premium,7000,91.4,Critique,1,Appareil coûteux : réserver aux profils premium,3,Premium,3,Premium,0.9711
Orange Maroc,Direction,Usage basique,Premium,7000,91.2,Critique,1,Appareil coûteux : réserver aux profils premium,3,Premium,3,Premium,0.9628
Orange Maroc,Finance,Usage intensif,Haut de gamme,4500,64.1,Élevé,1,Vérifier la pertinence budgétaire pour ce département,2,Haut de gamme,2,Haut de gamme,0.9842
Maroc Telecom,Commercial,Usage standard,Entrée de gamme,1200,18.7,Faible,0,Appareil conforme au besoin,0,Entrée de gamme,0,Entrée de gamme,0.9995
Orange Maroc,Finance,Usage intensif,Premium,7000,95.6,Critique,1,Appareil coûteux : réserver aux profils premium,3,Premium,3,Premium,0.9999
Maroc Telecom,Commercial,Usage standard,Entrée de gamme,1200,22.4,Faible,0,Appareil conforme au besoin,0,Entrée de gamme,0,Entrée de gamme,0.9987
Maroc Telecom,Commercial,Usage basique,Milieu de gamme,2500,42.7,Moyen,0,Appareil conforme au besoin,1,Milieu de gamme,1,Milieu de gamme,0.9755
inwi,Direction,Usage premium,Premium,7000,95.8,Critique,1,Appareil coûteux : réserver aux profils premium,3,Premium,3,Premium,0.9997
inwi,Commercial,Usage basique,Entrée de gamme,1200,21.5,Faible,0,Appareil conforme au besoin,0,Entrée de gamme,0,Entrée de gamme,0.9986
inwi,RH,Usage premium,Milieu de gamme,2500,35.3,Faible,0,Appareil conforme au besoin,1,Milieu de gamme,1,Milieu de gamme,0.9541
Maroc Telecom,IT,Usage premium,Milieu de gamme,2500,38.5,Faible,0,Appareil conforme au besoin,1,Milieu de gamme,1,Milieu de gamme,0.9966
Maroc Telecom,IT,Usage intensif,Premium,7000,95.8,Critique,1,Appareil coûteux : réserver aux profils premium,3,Premium,3,Premium,0.9996
Orange Maroc,Finance,Usage intensif,Haut de gamme,4500,64.8,Élevé,1,Vérifier la pertinence budgétaire pour ce département,2,Haut de gamme,2,Haut de gamme,0.9888
Maroc Telecom,Finance,Usage standard,Haut de gamme,4500,58.6,Moyen,0,Appareil conforme au besoin,2,Haut de gamme,2,Haut de gamme,0.9617
Maroc Telecom,Support,Usage premium,Haut de gamme,4500,64.2,Élevé,1,Vérifier la pertinence budgétaire pour ce département,2,Haut de gamme,2,Haut de gamme,0.9922
Orange Maroc,Commercial,Usage standard,Premium,7000,94.9,Critique,1,Appareil coûteux : réserver aux profils premium,3,Premium,3,Premium,0.9997
Maroc Telecom,Commercial,Usage standard,Milieu de gamme,2500,40.7,Moyen,0,Appareil conforme au besoin,1,Milieu de gamme,1,Milieu de gamme,0.9825
inwi,IT,Usage intensif,Milieu de gamme,2500,41.4,Moyen,0,Appareil conforme au besoin,1,Milieu de gamme,1,Milieu de gamme,0.6131
Maroc Telecom,Support,Usage standard,Entrée de gamme,1200,20.5,Faible,0,Appareil conforme au besoin,0,Entrée de gamme,0,Entrée de gamme,0.9849
Orange Maroc,Support,Usage standard,Milieu de gamme,2500,38.3,Faible,0,Appareil conforme au besoin,1,Milieu de gamme,1,Milieu de gamme,0.9678
Maroc Telecom,IT,Usage standard,Premium,7000,96.6,Critique,1,Appareil coûteux : réserver aux profils premium,3,Premium,3,Premium,0.9993
Orange Maroc,Support,Usage standard,Milieu de gamme,2500,41.8,Moyen,0,Appareil conforme au besoin,1,Milieu de gamme,1,Milieu de gamme,0.9891
Orange Maroc,Commercial,Usage premium,Entrée de gamme,1200,21.2,Faible,0,Appareil conforme au besoin,0,Entrée de gamme,0,Entrée de gamme,0.9874
Maroc Telecom,IT,Usage basique,Premium,7000,89.2,Critique,1,Appareil coûteux : réserver aux profils premium,3,Premium,3,Premium,0.9695
inwi,Commercial,Usage premium,Haut de gamme,4500,63.0,Élevé,1,Vérifier la pertinence budgétaire pour ce département,2,Haut de gamme,2,Haut de gamme,0.981
inwi,Commercial,Usage intensif,Haut de gamme,4500,64.1,Élevé,1,Vérifier la pertinence budgétaire pour ce département,2,Haut de gamme,2,Haut de gamme,0.9978
inwi,IT,Usage intensif,Premium,7000,93.8,Critique,1,Appareil coûteux : réserver aux profils premium,3,Premium,2,Haut de gamme,0.6607
inwi,Direction,Usage standard,Milieu de gamme,2500,39.5,Faible,0,Appareil conforme au besoin,1,Milieu de gamme,1,Milieu de gamme,0.9934
Orange Maroc,Support,Usage intensif,Haut de gamme,4500,64.9,Élevé,1,Vérifier la pertinence budgétaire pour ce département,2,Haut de gamme,2,Haut de gamme,0.9943
inwi,Commercial,Usage basique,Haut de gamme,4500,67.5,Élevé,1,Vérifier la pertinence budgétaire pour ce département,2,Haut de gamme,2,Haut de gamme,0.8776
Maroc Telecom,Commercial,Usage intensif,Entrée de gamme,1200,20.6,Faible,0,Appareil conforme au besoin,0,Entrée de gamme,0,Entrée de gamme,0.9983
Maroc Telecom,RH,Usage basique,Premium,7000,94.8,Critique,1,Appareil coûteux : réserver aux profils premium,3,Premium,3,Premium,0.998
Maroc Telecom,Commercial,Usage premium,Milieu de gamme,2500,44.1,Moyen,0,Appareil conforme au besoin,1,Milieu de gamme,1,Milieu de gamme,0.9473
Maroc Telecom,Commercial,Usage premium,Haut de gamme,4500,64.9,Élevé,1,Vérifier la pertinence budgétaire pour ce département,2,Haut de gamme,2,Haut de gamme,0.9936
Maroc Telecom,IT,Usage standard,Milieu de gamme,2500,39.7,Faible,0,Appareil conforme au besoin,1,Milieu de gamme,1,Milieu de gamme,0.9969
Maroc Telecom,Commercial,Usage basique,Entrée de gamme,1200,18.2,Faible,0,Appareil conforme au besoin,0,Entrée de gamme,0,Entrée de gamme,0.9999
inwi,Support,Usage intensif,Entrée de gamme,1200,20.1,Faible,0,Appareil conforme au besoin,0,Entrée de gamme,0,Entrée de gamme,0.9998
Maroc Telecom,Commercial,Usage standard,Haut de gamme,4500,64.4,Élevé,1,Vérifier la pertinence budgétaire pour ce département,2,Haut de gamme,2,Haut de gamme,0.9901
Maroc Telecom,IT,Usage premium,Haut de gamme,4500,63.3,Élevé,1,Vérifier la pertinence budgétaire pour ce département,2,Haut de gamme,2,Haut de gamme,0.9981
Orange Maroc,Support,Usage basique,Premium,7000,89.9,Critique,1,Appareil coûteux : réserver aux profils premium,3,Premium,3,Premium,0.9902
Maroc Telecom,Finance,Usage basique,Premium,7000,92.1,Critique,1,Appareil coûteux : réserver aux profils premium,3,Premium,3,Premium,0.9969
inwi,Finance,Usage premium,Premium,7000,98.5,Critique,1,Appareil coûteux : réserver aux profils premium,3,Premium,3,Premium,0.9994
Maroc Telecom,IT,Usage intensif,Entrée de gamme,1200,23.5,Faible,0,Appareil conforme au besoin,0,Entrée de gamme,0,Entrée de gamme,0.9969
inwi,RH,Usage intensif,Premium,7000,95.8,Critique,1,Appareil coûteux : réserver aux profils premium,3,Premium,3,Premium,0.9989
inwi,Support,Usage standard,Premium,7000,94.1,Critique,1,Appareil coûteux : réserver aux profils premium,3,Premium,3,Premium,0.9995
Maroc Telecom,Commercial,Usage intensif,Haut de gamme,4500,63.0,Élevé,1,Vérifier la pertinence budgétaire pour ce département,2,Haut de gamme,2,Haut de gamme,0.9716
Maroc Telecom,Finance,Usage standard,Entrée de gamme,1200,17.0,Faible,0,Appareil conforme au besoin,0,Entrée de gamme,0,Entrée de gamme,0.9999
inwi,Support,Usage intensif,Premium,7000,93.7,Critique,1,Appareil coûteux : réserver aux profils premium,3,Premium,3,Premium,0.986
Orange Maroc,Support,Usage intensif,Entrée de gamme,1200,18.9,Faible,0,Appareil conforme au besoin,0,Entrée de gamme,0,Entrée de gamme,0.9995
Orange Maroc,Support,Usage standard,Milieu de gamme,2500,38.2,Faible,0,Appareil conforme au besoin,1,Milieu de gamme,1,Milieu de gamme,0.9951
inwi,Finance,Usage standard,Entrée de gamme,1200,22.1,Faible,0,Appareil conforme au besoin,0,Entrée de gamme,0,Entrée de gamme,0.9959
Maroc Telecom,Commercial,Usage standard,Entrée de gamme,1200,25.4,Faible,0,Appareil conforme au besoin,0,Entrée de gamme,0,Entrée de gamme,0.9632
Maroc Telecom,Direction,Usage intensif,Premium,7000,93.2,Critique,1,Appareil coûteux : réserver aux profils premium,3,Premium,3,Premium,0.9996
Maroc Telecom,Support,Usage basique,Milieu de gamme,2500,39.7,Faible,0,Appareil conforme au besoin,1,Milieu de gamme,1,Milieu de gamme,0.9901
inwi,IT,Usage intensif,Premium,7000,95.3,Critique,1,Appareil coûteux : réserver aux profils premium,3,Premium,3,Premium,0.9998
Orange Maroc,IT,Usage basique,Haut de gamme,4500,63.0,Élevé,1,Vérifier la pertinence budgétaire pour ce département,2,Haut de gamme,2,Haut de gamme,0.9886
Maroc Telecom,Commercial,Usage intensif,Premium,7000,95.0,Critique,1,Appareil coûteux : réserver aux profils premium,3,Premium,3,Premium,0.9997
Maroc Telecom,Direction,Usage intensif,Milieu de gamme,2500,40.1,Moyen,0,Appareil conforme au besoin,1,Milieu de gamme,1,Milieu de gamme,0.9893
Maroc Telecom,Commercial,Usage basique,Milieu de gamme,2500,40.9,Moyen,0,Appareil conforme au besoin,1,Milieu de gamme,1,Milieu de gamme,0.9897
Maroc Telecom,Commercial,Usage basique,Milieu de gamme,2500,36.3,Faible,0,Appareil conforme au besoin,1,Milieu de gamme,1,Milieu de gamme,0.9298
Orange Maroc,IT,Usage basique,Entrée de gamme,1200,23.8,Faible,0,Appareil conforme au besoin,0,Entrée de gamme,0,Entrée de gamme,0.9963
Orange Maroc,Commercial,Usage intensif,Premium,7000,91.5,Critique,1,Appareil coûteux : réserver aux profils premium,3,Premium,3,Premium,0.984
inwi,Support,Usage intensif,Haut de gamme,4500,62.1,Élevé,1,Vérifier la pertinence budgétaire pour ce département,2,Haut de gamme,2,Haut de gamme,0.9967
Orange Maroc,RH,Usage basique,Haut de gamme,4500,63.2,Élevé,1,Vérifier la pertinence budgétaire pour ce département,2,Haut de gamme,2,Haut de gamme,0.967
Maroc Telecom,Support,Usage intensif,Premium,7000,92.7,Critique,1,Appareil coûteux : réserver aux profils premium,3,Premium,3,Premium,0.9981
Orange Maroc,Direction,Usage standard,Haut de gamme,4500,64.8,Élevé,1,Vérifier la pertinence budgétaire pour ce département,2,Haut de gamme,2,Haut de gamme,0.9904
inwi,Finance,Usage standard,Entrée de gamme,1200,23.5,Faible,0,Appareil conforme au besoin,0,Entrée de gamme,0,Entrée de gamme,0.6607
Orange Maroc,Commercial,Usage premium,Entrée de gamme,1200,18.1,Faible,0,Appareil conforme au besoin,0,Entrée de gamme,0,Entrée de gamme,0.9997
inwi,Finance,Usage standard,Milieu de gamme,2500,38.7,Faible,0,Appareil conforme au besoin,1,Milieu de gamme,1,Milieu de gamme,0.985
Orange Maroc,Support,Usage standard,Premium,7000,93.8,Critique,1,Appareil coûteux : réserver aux profils premium,3,Premium,3,Premium,0.9987
Orange Maroc,Commercial,Usage basique,Entrée de gamme,1200,23.2,Faible,0,Appareil conforme au besoin,0,Entrée de gamme,0,Entrée de gamme,0.9977
Maroc Telecom,Commercial,Usage basique,Haut de gamme,4500,61.3,Élevé,1,Vérifier la pertinence budgétaire pour ce département,2,Haut de gamme,2,Haut de gamme,0.9876
Maroc Telecom,Support,Usage standard,Entrée de gamme,1200,22.4,Faible,0,Appareil conforme au besoin,0,Entrée de gamme,0,Entrée de gamme,0.9905
Maroc Telecom,RH,Usage basique,Milieu de gamme,2500,36.4,Faible,0,Appareil conforme au besoin,1,Milieu de gamme,1,Milieu de gamme,0.9868
Maroc Telecom,Direction,Usage intensif,Premium,7000,92.4,Critique,1,Appareil coûteux : réserver aux profils premium,3,Premium,3,Premium,0.9795
Orange Maroc,Commercial,Usage standard,Milieu de gamme,2500,40.2,Moyen,0,Appareil conforme au besoin,1,Milieu de gamme,1,Milieu de gamme,0.9958
Maroc Telecom,IT,Usage standard,Milieu de gamme,2500,39.8,Faible,0,Appareil conforme au besoin,1,Milieu de gamme,1,Milieu de gamme,0.9858
Orange Maroc,Commercial,Usage basique,Entrée de gamme,1200,26.9,Faible,0,Appareil conforme au besoin,0,Entrée de gamme,0,Entrée de gamme,0.9723
inwi,Support,Usage standard,Entrée de gamme,1200,20.8,Faible,0,Appareil conforme au besoin,0,Entrée de gamme,0,Entrée de gamme,0.9989
Maroc Telecom,Finance,Usage intensif,Milieu de gamme,2500,38.2,Faible,0,Appareil conforme au besoin,1,Milieu de gamme,1,Milieu de gamme,0.9977
Maroc Telecom,Support,Usage premium,Premium,7000,91.7,Critique,1,Appareil coûteux : réserver aux profils premium,3,Premium,3,Premium,0.9684
inwi,Direction,Usage basique,Premium,7000,91.3,Critique,1,Appareil coûteux : réserver aux profils premium,3,Premium,3,Premium,0.9786
Maroc Telecom,Finance,Usage premium,Premium,7000,90.8,Critique,1,Appareil coûteux : réserver aux profils premium,3,Premium,3,Premium,0.9902
Maroc Telecom,Direction,Usage standard,Premium,7000,90.6,Critique,1,Appareil coûteux : réserver aux profils premium,3,Premium,2,Haut de gamme,0.8606
Maroc Telecom,IT,Usage standard,Milieu de gamme,2500,39.0,Faible,0,Appareil conforme au besoin,1,Milieu de gamme,1,Milieu de gamme,0.9855
Maroc Telecom,Finance,Usage standard,Milieu de gamme,2500,39.2,Faible,0,Appareil conforme au besoin,1,Milieu de gamme,1,Milieu de gamme,0.985
inwi,Finance,Usage basique,Entrée de gamme,1200,20.3,Faible,0,Appareil conforme au besoin,0,Entrée de gamme,0,Entrée de gamme,0.9963
inwi,Support,Usage basique,Haut de gamme,4500,67.5,Élevé,1,Vérifier la pertinence budgétaire pour ce département,2,Haut de gamme,2,Haut de gamme,0.963
Orange Maroc,Commercial,Usage intensif,Premium,7000,96.4,Critique,1,Appareil coûteux : réserver aux profils premium,3,Premium,3,Premium,0.9998
inwi,IT,Usage standard,Premium,7000,93.9,Critique,1,Appareil coûteux : réserver aux profils premium,3,Premium,3,Premium,0.9991
inwi,RH,Usage premium,Haut de gamme,4500,65.5,Élevé,1,Vérifier la pertinence budgétaire pour ce département,2,Haut de gamme,2,Haut de gamme,0.9697
Maroc Telecom,Commercial,Usage standard,Milieu de gamme,2500,40.2,Moyen,0,Appareil conforme au besoin,1,Milieu de gamme,1,Milieu de gamme,0.9974
inwi,IT,Usage basique,Entrée de gamme,1200,21.0,Faible,0,Appareil conforme au besoin,0,Entrée de gamme,0,Entrée de gamme,0.9996
Orange Maroc,Support,Usage intensif,Milieu de gamme,2500,40.0,Moyen,0,Appareil conforme au besoin,1,Milieu de gamme,1,Milieu de gamme,0.9527
inwi,Support,Usage standard,Haut de gamme,4500,66.5,Élevé,1,Vérifier la pertinence budgétaire pour ce département,2,Haut de gamme,2,Haut de gamme,0.9798
inwi,Commercial,Usage standard,Premium,7000,90.1,Critique,1,Appareil coûteux : réserver aux profils premium,3,Premium,3,Premium,0.9966
Maroc Telecom,Direction,Usage intensif,Premium,7000,91.8,Critique,1,Appareil coûteux : réserver aux profils premium,3,Premium,3,Premium,0.9842
Maroc Telecom,RH,Usage premium,Premium,7000,94.0,Critique,1,Appareil coûteux : réserver aux profils premium,3,Premium,3,Premium,0.9814
Maroc Telecom,Direction,Usage intensif,Haut de gamme,4500,63.3,Élevé,1,Vérifier la pertinence budgétaire pour ce département,2,Haut de gamme,2,Haut de gamme,0.9746
Maroc Telecom,Commercial,Usage intensif,Premium,7000,94.6,Critique,1,Appareil coûteux : réserver aux profils premium,3,Premium,3,Premium,0.9979
inwi,Commercial,Usage intensif,Haut de gamme,4500,63.5,Élevé,1,Vérifier la pertinence budgétaire pour ce département,2,Haut de gamme,2,Haut de gamme,0.9966
inwi,IT,Usage premium,Milieu de gamme,2500,40.3,Moyen,0,Appareil conforme au besoin,1,Milieu de gamme,1,Milieu de gamme,0.5589
Maroc Telecom,Support,Usage standard,Premium,7000,98.8,Critique,1,Appareil coûteux : réserver aux profils premium,3,Premium,3,Premium,0.9998
Orange Maroc,RH,Usage basique,Entrée de gamme,1200,23.2,Faible,0,Appareil conforme au besoin,0,Entrée de gamme,0,Entrée de gamme,0.9961
Maroc Telecom,IT,Usage standard,Premium,7000,96.1,Critique,1,Appareil coûteux : réserver aux profils premium,3,Premium,3,Premium,0.9995
Maroc Telecom,IT,Usage basique,Milieu de gamme,2500,40.8,Moyen,0,Appareil conforme au besoin,1,Milieu de gamme,1,Milieu de gamme,0.992
Maroc Telecom,Commercial,Usage intensif,Haut de gamme,4500,63.0,Élevé,1,Vérifier la pertinence budgétaire pour ce département,2,Haut de gamme,2,Haut de gamme,0.9941
Maroc Telecom,Commercial,Usage intensif,Milieu de gamme,2500,40.3,Moyen,0,Appareil conforme au besoin,1,Milieu de gamme,1,Milieu de gamme,0.8625
inwi,Support,Usage standard,Haut de gamme,4500,65.0,Élevé,1,Vérifier la pertinence budgétaire pour ce département,2,Haut de gamme,2,Haut de gamme,0.9922
Maroc Telecom,Support,Usage basique,Haut de gamme,4500,64.6,Élevé,1,Vérifier la pertinence budgétaire pour ce département,2,Haut de gamme,2,Haut de gamme,0.9962
Orange Maroc,IT,Usage intensif,Milieu de gamme,2500,42.5,Moyen,0,Appareil conforme au besoin,1,Milieu de gamme,1,Milieu de gamme,0.9279
Orange Maroc,Support,Usage standard,Premium,7000,93.5,Critique,1,Appareil coûteux : réserver aux profils premium,3,Premium,3,Premium,0.9992
Maroc Telecom,Finance,Usage intensif,Entrée de gamme,1200,16.1,Faible,0,Appareil conforme au besoin,0,Entrée de gamme,0,Entrée de gamme,0.9978
inwi,Support,Usage standard,Entrée de gamme,1200,21.8,Faible,0,Appareil conforme au besoin,0,Entrée de gamme,0,Entrée de gamme,0.9902
inwi,Support,Usage standard,Haut de gamme,4500,60.4,Élevé,1,Vérifier la pertinence budgétaire pour ce département,2,Haut de gamme,2,Haut de gamme,0.9451
Maroc Telecom,Commercial,Usage basique,Entrée de gamme,1200,20.1,Faible,0,Appareil conforme au besoin,0,Entrée de gamme,0,Entrée de gamme,0.9999
Orange Maroc,Support,Usage basique,Premium,7000,96.1,Critique,1,Appareil coûteux : réserver aux profils premium,3,Premium,3,Premium,0.9998
Maroc Telecom,Finance,Usage intensif,Haut de gamme,4500,60.9,Élevé,1,Vérifier la pertinence budgétaire pour ce département,2,Haut de gamme,2,Haut de gamme,0.9852
Maroc Telecom,Commercial,Usage premium,Entrée de gamme,1200,21.8,Faible,0,Appareil conforme au besoin,0,Entrée de gamme,0,Entrée de gamme,0.9982
Maroc Telecom,Support,Usage intensif,Premium,7000,96.9,Critique,1,Appareil coûteux : réserver aux profils premium,3,Premium,3,Premium,0.9988
Orange Maroc,Commercial,Usage basique,Milieu de gamme,2500,41.5,Moyen,0,Appareil conforme au besoin,1,Milieu de gamme,1,Milieu de gamme,0.9034
Orange Maroc,RH,Usage standard,Premium,7000,96.3,Critique,1,Appareil coûteux : réserver aux profils premium,3,Premium,3,Premium,0.9999
Maroc Telecom,Commercial,Usage intensif,Haut de gamme,4500,62.4,Élevé,1,Vérifier la pertinence budgétaire pour ce département,2,Haut de gamme,2,Haut de gamme,0.9751
Maroc Telecom,Support,Usage intensif,Haut de gamme,4500,62.4,Élevé,1,Vérifier la pertinence budgétaire pour ce département,2,Haut de gamme,2,Haut de gamme,0.9888
inwi,RH,Usage basique,Milieu de gamme,2500,40.9,Moyen,0,Appareil conforme au besoin,1,Milieu de gamme,1,Milieu de gamme,0.993
Maroc Telecom,IT,Usage basique,Premium,7000,91.5,Critique,1,Appareil coûteux : réserver aux profils premium,3,Premium,3,Premium,0.9904
Maroc Telecom,Support,Usage intensif,Milieu de gamme,2500,40.2,Moyen,0,Appareil conforme au besoin,1,Milieu de gamme,1,Milieu de gamme,0.95
Orange Maroc,Support,Usage standard,Haut de gamme,4500,63.2,Élevé,1,Vérifier la pertinence budgétaire pour ce département,2,Haut de gamme,1,Milieu de gamme,0.7245
inwi,IT,Usage standard,Entrée de gamme,1200,22.3,Faible,0,Appareil conforme au besoin,0,Entrée de gamme,0,Entrée de gamme,0.9991
Maroc Telecom,Finance,Usage basique,Milieu de gamme,2500,40.4,Moyen,0,Appareil conforme au besoin,1,Milieu de gamme,1,Milieu de gamme,0.9957
Orange Maroc,IT,Usage standard,Entrée de gamme,1200,17.1,Faible,0,Appareil conforme au besoin,0,Entrée de gamme,0,Entrée de gamme,0.995
inwi,RH,Usage premium,Entrée de gamme,1200,20.7,Faible,0,Appareil conforme au besoin,0,Entrée de gamme,0,Entrée de gamme,0.9993
Maroc Telecom,Commercial,Usage premium,Premium,7000,95.3,Critique,1,Appareil coûteux : réserver aux profils premium,3,Premium,3,Premium,0.9997
Orange Maroc,Support,Usage standard,Milieu de gamme,2500,39.6,Faible,0,Appareil conforme au besoin,1,Milieu de gamme,1,Milieu de gamme,0.9843
Maroc Telecom,Commercial,Usage standard,Haut de gamme,4500,67.1,Élevé,1,Vérifier la pertinence budgétaire pour ce département,2,Haut de gamme,2,Haut de gamme,0.9313
Orange Maroc,Commercial,Usage basique,Haut de gamme,4500,64.7,Élevé,1,Vérifier la pertinence budgétaire pour ce département,2,Haut de gamme,2,Haut de gamme,0.9967
Orange Maroc,RH,Usage standard,Entrée de gamme,1200,20.9,Faible,0,Appareil conforme au besoin,0,Entrée de gamme,0,Entrée de gamme,0.9992
Orange Maroc,Support,Usage standard,Entrée de gamme,1200,20.7,Faible,0,Appareil conforme au besoin,0,Entrée de gamme,0,Entrée de gamme,0.9984
Maroc Telecom,Commercial,Usage intensif,Haut de gamme,4500,63.8,Élevé,1,Vérifier la pertinence budgétaire pour ce département,2,Haut de gamme,2,Haut de gamme,0.978
inwi,Direction,Usage standard,Premium,7000,91.1,Critique,1,Appareil coûteux : réserver aux profils premium,3,Premium,3,Premium,0.9627
Maroc Telecom,Commercial,Usage basique,Milieu de gamme,2500,39.4,Faible,0,Appareil conforme au besoin,1,Milieu de gamme,1,Milieu de gamme,0.9894
Maroc Telecom,IT,Usage basique,Haut de gamme,4500,60.9,Élevé,1,Vérifier la pertinence budgétaire pour ce département,2,Haut de gamme,2,Haut de gamme,0.9837
Maroc Telecom,Commercial,Usage standard,Premium,7000,90.2,Critique,1,Appareil coûteux : réserver aux profils premium,3,Premium,3,Premium,0.9506
Orange Maroc,Finance,Usage basique,Milieu de gamme,2500,39.2,Faible,0,Appareil conforme au besoin,1,Milieu de gamme,1,Milieu de gamme,0.9749
Orange Maroc,Commercial,Usage basique,Premium,7000,95.2,Critique,1,Appareil coûteux : réserver aux profils premium,3,Premium,3,Premium,0.9994
Maroc Telecom,IT,Usage premium,Milieu de gamme,2500,43.7,Moyen,0,Appareil conforme au besoin,1,Milieu de gamme,1,Milieu de gamme,0.7358
Orange Maroc,IT,Usage standard,Haut de gamme,4500,64.8,Élevé,1,Vérifier la pertinence budgétaire pour ce département,2,Haut de gamme,2,Haut de gamme,0.9858
Maroc Telecom,Support,Usage standard,Haut de gamme,4500,63.2,Élevé,1,Vérifier la pertinence budgétaire pour ce département,2,Haut de gamme,2,Haut de gamme,0.9919
Orange Maroc,Finance,Usage premium,Premium,7000,92.3,Critique,1,Appareil coûteux : réserver aux profils premium,3,Premium,3,Premium,0.5836
Maroc Telecom,Support,Usage premium,Haut de gamme,4500,60.6,Élevé,1,Vérifier la pertinence budgétaire pour ce département,2,Haut de gamme,2,Haut de gamme,0.6311
Orange Maroc,Finance,Usage standard,Entrée de gamme,1200,19.1,Faible,0,Appareil conforme au besoin,0,Entrée de gamme,0,Entrée de gamme,0.9997
Maroc Telecom,Commercial,Usage intensif,Premium,7000,92.2,Critique,1,Appareil coûteux : réserver aux profils premium,3,Premium,3,Premium,0.9022
inwi,Commercial,Usage standard,Haut de gamme,4500,64.0,Élevé,1,Vérifier la pertinence budgétaire pour ce département,2,Haut de gamme,2,Haut de gamme,0.9893
Maroc Telecom,Commercial,Usage standard,Milieu de gamme,2500,37.1,Faible,0,Appareil conforme au besoin,1,Milieu de gamme,1,Milieu de gamme,0.9686
Maroc Telecom,Finance,Usage standard,Entrée de gamme,1200,22.9,Faible,0,Appareil conforme au besoin,0,Entrée de gamme,0,Entrée de gamme,0.9867
Maroc Telecom,Finance,Usage intensif,Entrée de gamme,1200,21.7,Faible,0,Appareil conforme au besoin,0,Entrée de gamme,0,Entrée de gamme,0.9998
inwi,IT,Usage intensif,Haut de gamme,4500,62.1,Élevé,1,Vérifier la pertinence budgétaire pour ce département,2,Haut de gamme,2,Haut de gamme,0.9787
inwi,Finance,Usage standard,Premium,7000,94.6,Critique,1,Appareil coûteux : réserver aux profils premium,3,Premium,3,Premium,0.9996
Maroc Telecom,Commercial,Usage basique,Premium,7000,96.0,Critique,1,Appareil coûteux : réserver aux profils premium,3,Premium,3,Premium,0.9968
Orange Maroc,Direction,Usage intensif,Entrée de gamme,1200,22.9,Faible,0,Appareil conforme au besoin,0,Entrée de gamme,0,Entrée de gamme,0.9991
inwi,Support,Usage basique,Haut de gamme,4500,59.8,Moyen,0,Appareil conforme au besoin,2,Haut de gamme,2,Haut de gamme,0.9454
Orange Maroc,Support,Usage standard,Premium,7000,94.4,Critique,1,Appareil coûteux : réserver aux profils premium,3,Premium,3,Premium,0.9975
Orange Maroc,Support,Usage intensif,Milieu de gamme,2500,42.3,Moyen,0,Appareil conforme au besoin,1,Milieu de gamme,1,Milieu de gamme,0.9968
Maroc Telecom,Commercial,Usage intensif,Premium,7000,98.3,Critique,1,Appareil coûteux : réserver aux profils premium,3,Premium,3,Premium,0.9999
Maroc Telecom,Finance,Usage intensif,Milieu de gamme,2500,40.5,Moyen,0,Appareil conforme au besoin,1,Milieu de gamme,1,Milieu de gamme,0.9566
inwi,Direction,Usage premium,Haut de gamme,4500,64.0,Élevé,1,Vérifier la pertinence budgétaire pour ce département,2,Haut de gamme,2,Haut de gamme,0.9904
inwi,Commercial,Usage standard,Premium,7000,95.5,Critique,1,Appareil coûteux : réserver aux profils premium,3,Premium,3,Premium,0.9999
Orange Maroc,Commercial,Usage intensif,Premium,7000,97.5,Critique,1,Appareil coûteux : réserver aux profils premium,3,Premium,3,Premium,0.9982
Maroc Telecom,IT,Usage intensif,Haut de gamme,4500,62.4,Élevé,1,Vérifier la pertinence budgétaire pour ce département,2,Haut de gamme,2,Haut de gamme,0.9967
Maroc Telecom,RH,Usage basique,Haut de gamme,4500,63.8,Élevé,1,Vérifier la pertinence budgétaire pour ce département,2,Haut de gamme,2,Haut de gamme,0.9692
Orange Maroc,Commercial,Usage basique,Haut de gamme,4500,63.3,Élevé,1,Vérifier la pertinence budgétaire pour ce département,2,Haut de gamme,2,Haut de gamme,0.973
inwi,Support,Usage standard,Premium,7000,93.3,Critique,1,Appareil coûteux : réserver aux profils premium,3,Premium,3,Premium,0.9932
inwi,Commercial,Usage standard,Milieu de gamme,2500,37.4,Faible,0,Appareil conforme au besoin,1,Milieu de gamme,1,Milieu de gamme,0.9979
inwi,RH,Usage intensif,Milieu de gamme,2500,41.0,Moyen,0,Appareil conforme au besoin,1,Milieu de gamme,1,Milieu de gamme,0.997
Orange Maroc,Direction,Usage intensif,Entrée de gamme,1200,25.8,Faible,0,Appareil conforme au besoin,0,Entrée de gamme,0,Entrée de gamme,0.978
Maroc Telecom,IT,Usage basique,Milieu de gamme,2500,39.4,Faible,0,Appareil conforme au besoin,1,Milieu de gamme,1,Milieu de gamme,0.9837
Maroc Telecom,RH,Usage basique,Entrée de gamme,1200,20.9,Faible,0,Appareil conforme au besoin,0,Entrée de gamme,0,Entrée de gamme,0.9999
inwi,IT,Usage premium,Haut de gamme,4500,60.9,Élevé,1,Vérifier la pertinence budgétaire pour ce département,2,Haut de gamme,2,Haut de gamme,0.947
Orange Maroc,Support,Usage basique,Haut de gamme,4500,65.8,Élevé,1,Vérifier la pertinence budgétaire pour ce département,2,Haut de gamme,2,Haut de gamme,0.9897
Maroc Telecom,Direction,Usage standard,Haut de gamme,4500,60.0,Élevé,1,Vérifier la pertinence budgétaire pour ce département,2,Haut de gamme,2,Haut de gamme,0.9647
Maroc Telecom,Finance,Usage standard,Haut de gamme,4500,68.1,Élevé,1,Vérifier la pertinence budgétaire pour ce département,2,Haut de gamme,2,Haut de gamme,0.9917
Orange Maroc,Support,Usage standard,Milieu de gamme,2500,38.1,Faible,0,Appareil conforme au besoin,1,Milieu de gamme,1,Milieu de gamme,0.9763
Maroc Telecom,Finance,Usage basique,Premium,7000,91.5,Critique,1,Appareil coûteux : réserver aux profils premium,3,Premium,3,Premium,0.9968
Maroc Telecom,Direction,Usage basique,Premium,7000,94.2,Critique,1,Appareil coûteux : réserver aux profils premium,3,Premium,3,Premium,0.9991
Orange Maroc,Support,Usage basique,Haut de gamme,4500,64.8,Élevé,1,Vérifier la pertinence budgétaire pour ce département,2,Haut de gamme,2,Haut de gamme,0.987
Orange Maroc,Support,Usage standard,Haut de gamme,4500,63.2,Élevé,1,Vérifier la pertinence budgétaire pour ce département,2,Haut de gamme,2,Haut de gamme,0.9944
Orange Maroc,IT,Usage standard,Entrée de gamme,1200,22.4,Faible,0,Appareil conforme au besoin,0,Entrée de gamme,0,Entrée de gamme,0.9992
Maroc Telecom,Direction,Usage basique,Haut de gamme,4500,68.4,Élevé,1,Vérifier la pertinence budgétaire pour ce département,2,Haut de gamme,2,Haut de gamme,0.9698
Orange Maroc,Support,Usage intensif,Entrée de gamme,1200,20.1,Faible,0,Appareil conforme au besoin,0,Entrée de gamme,0,Entrée de gamme,0.9973
Maroc Telecom,Finance,Usage intensif,Premium,7000,95.5,Critique,1,Appareil coûteux : réserver aux profils premium,3,Premium,3,Premium,0.9991
Maroc Telecom,Support,Usage basique,Entrée de gamme,1200,22.7,Faible,0,Appareil conforme au besoin,0,Entrée de gamme,0,Entrée de gamme,0.995
Orange Maroc,Finance,Usage standard,Milieu de gamme,2500,41.0,Moyen,0,Appareil conforme au besoin,1,Milieu de gamme,1,Milieu de gamme,0.9896
Orange Maroc,Support,Usage intensif,Milieu de gamme,2500,40.3,Moyen,0,Appareil conforme au besoin,1,Milieu de gamme,1,Milieu de gamme,0.9953
inwi,IT,Usage standard,Premium,7000,97.0,Critique,1,Appareil coûteux : réserver aux profils premium,3,Premium,3,Premium,0.9999
Orange Maroc,Support,Usage standard,Entrée de gamme,1200,19.2,Faible,0,Appareil conforme au besoin,0,Entrée de gamme,0,Entrée de gamme,0.9999
Orange Maroc,Commercial,Usage intensif,Entrée de gamme,1200,18.2,Faible,0,Appareil conforme au besoin,0,Entrée de gamme,0,Entrée de gamme,0.9998
Maroc Telecom,IT,Usage premium,Premium,7000,95.3,Critique,1,Appareil coûteux : réserver aux profils premium,3,Premium,3,Premium,0.9997
Maroc Telecom,Finance,Usage intensif,Haut de gamme,4500,65.6,Élevé,1,Vérifier la pertinence budgétaire pour ce département,2,Haut de gamme,2,Haut de gamme,0.9965
Maroc Telecom,IT,Usage standard,Premium,7000,93.2,Critique,1,Appareil coûteux : réserver aux profils premium,3,Premium,3,Premium,0.9843
Maroc Telecom,Commercial,Usage intensif,Premium,7000,93.3,Critique,1,Appareil coûteux : réserver aux profils premium,3,Premium,3,Premium,0.9882
inwi,Finance,Usage standard,Premium,7000,95.5,Critique,1,Appareil coûteux : réserver aux profils premium,3,Premium,3,Premium,0.9902
Maroc Telecom,Commercial,Usage intensif,Haut de gamme,4500,62.7,Élevé,1,Vérifier la pertinence budgétaire pour ce département,2,Haut de gamme,2,Haut de gamme,0.9914
inwi,Finance,Usage standard,Haut de gamme,4500,65.2,Élevé,1,Vérifier la pertinence budgétaire pour ce département,2,Haut de gamme,2,Haut de gamme,0.9921
Orange Maroc,Finance,Usage basique,Premium,7000,92.3,Critique,1,Appareil coûteux : réserver aux profils premium,3,Premium,3,Premium,0.9618
inwi,Support,Usage intensif,Premium,7000,92.7,Critique,1,Appareil coûteux : réserver aux profils premium,3,Premium,3,Premium,0.9992
Orange Maroc,IT,Usage standard,Premium,7000,95.5,Critique,1,Appareil coûteux : réserver aux profils premium,3,Premium,3,Premium,0.9996
Orange Maroc,Direction,Usage standard,Entrée de gamme,1200,23.7,Faible,0,Appareil conforme au besoin,0,Entrée de gamme,0,Entrée de gamme,0.9742
Orange Maroc,Support,Usage premium,Milieu de gamme,2500,43.4,Moyen,0,Appareil conforme au besoin,1,Milieu de gamme,1,Milieu de gamme,0.985
Maroc Telecom,Commercial,Usage basique,Haut de gamme,4500,63.9,Élevé,1,Vérifier la pertinence budgétaire pour ce département,2,Haut de gamme,2,Haut de gamme,0.9906
Orange Maroc,Commercial,Usage standard,Entrée de gamme,1200,23.2,Faible,0,Appareil conforme au besoin,0,Entrée de gamme,0,Entrée de gamme,0.9983
Maroc Telecom,Support,Usage basique,Milieu de gamme,2500,38.0,Faible,0,Appareil conforme au besoin,1,Milieu de gamme,1,Milieu de gamme,0.9908
Maroc Telecom,Finance,Usage intensif,Premium,7000,97.4,Critique,1,Appareil coûteux : réserver aux profils premium,3,Premium,3,Premium,0.9985
Orange Maroc,IT,Usage intensif,Milieu de gamme,2500,40.3,Moyen,0,Appareil conforme au besoin,1,Milieu de gamme,1,Milieu de gamme,0.9703
Maroc Telecom,Finance,Usage standard,Entrée de gamme,1200,24.6,Faible,0,Appareil conforme au besoin,0,Entrée de gamme,0,Entrée de gamme,0.981
inwi,Support,Usage intensif,Haut de gamme,4500,66.0,Élevé,1,Vérifier la pertinence budgétaire pour ce département,2,Haut de gamme,2,Haut de gamme,0.9816
inwi,IT,Usage standard,Haut de gamme,4500,60.2,Élevé,1,Vérifier la pertinence budgétaire pour ce département,2,Haut de gamme,2,Haut de gamme,0.9802
inwi,Commercial,Usage intensif,Premium,7000,93.4,Critique,1,Appareil coûteux : réserver aux profils premium,3,Premium,3,Premium,0.9947
Maroc Telecom,Direction,Usage standard,Haut de gamme,4500,63.2,Élevé,1,Vérifier la pertinence budgétaire pour ce département,2,Haut de gamme,2,Haut de gamme,0.9484
Maroc Telecom,Support,Usage standard,Premium,7000,98.0,Critique,1,Appareil coûteux : réserver aux profils premium,3,Premium,3,Premium,0.9994
inwi,Commercial,Usage premium,Premium,7000,95.9,Critique,1,Appareil coûteux : réserver aux profils premium,3,Premium,3,Premium,0.997
Maroc Telecom,IT,Usage standard,Entrée de gamme,1200,17.7,Faible,0,Appareil conforme au besoin,0,Entrée de gamme,0,Entrée de gamme,0.9993
inwi,Support,Usage basique,Milieu de gamme,2500,40.2,Moyen,0,Appareil conforme au besoin,1,Milieu de gamme,1,Milieu de gamme,0.9946
inwi,Commercial,Usage standard,Milieu de gamme,2500,39.0,Faible,0,Appareil conforme au besoin,1,Milieu de gamme,1,Milieu de gamme,0.9855
inwi,IT,Usage premium,Entrée de gamme,1200,24.2,Faible,0,Appareil conforme au besoin,0,Entrée de gamme,0,Entrée de gamme,0.9942
Maroc Telecom,IT,Usage standard,Haut de gamme,4500,64.4,Élevé,1,Vérifier la pertinence budgétaire pour ce département,2,Haut de gamme,2,Haut de gamme,0.9976
Maroc Telecom,Direction,Usage basique,Haut de gamme,4500,63.0,Élevé,1,Vérifier la pertinence budgétaire pour ce département,2,Haut de gamme,2,Haut de gamme,0.9782
inwi,Commercial,Usage standard,Milieu de gamme,2500,39.4,Faible,0,Appareil conforme au besoin,1,Milieu de gamme,1,Milieu de gamme,0.998
Maroc Telecom,Support,Usage standard,Entrée de gamme,1200,22.1,Faible,0,Appareil conforme au besoin,0,Entrée de gamme,0,Entrée de gamme,0.9501
Maroc Telecom,Support,Usage basique,Entrée de gamme,1200,22.1,Faible,0,Appareil conforme au besoin,0,Entrée de gamme,0,Entrée de gamme,0.9836
Orange Maroc,Commercial,Usage intensif,Haut de gamme,4500,64.8,Élevé,1,Vérifier la pertinence budgétaire pour ce département,2,Haut de gamme,2,Haut de gamme,0.9764
inwi,Commercial,Usage premium,Entrée de gamme,1200,17.7,Faible,0,Appareil conforme au besoin,0,Entrée de gamme,0,Entrée de gamme,0.9999
Orange Maroc,RH,Usage standard,Milieu de gamme,2500,36.1,Faible,0,Appareil conforme au besoin,1,Milieu de gamme,1,Milieu de gamme,0.9752
Orange Maroc,Finance,Usage standard,Entrée de gamme,1200,20.2,Faible,0,Appareil conforme au besoin,0,Entrée de gamme,0,Entrée de gamme,0.9524
Maroc Telecom,RH,Usage standard,Premium,7000,94.6,Critique,1,Appareil coûteux : réserver aux profils premium,3,Premium,3,Premium,0.9944
Orange Maroc,Support,Usage basique,Milieu de gamme,2500,33.9,Faible,0,Appareil conforme au besoin,1,Milieu de gamme,1,Milieu de gamme,0.9579
inwi,Commercial,Usage premium,Milieu de gamme,2500,38.8,Faible,0,Appareil conforme au besoin,1,Milieu de gamme,1,Milieu de gamme,0.9884
Maroc Telecom,Support,Usage standard,Entrée de gamme,1200,21.5,Faible,0,Appareil conforme au besoin,0,Entrée de gamme,0,Entrée de gamme,0.9992
Orange Maroc,RH,Usage standard,Entrée de gamme,1200,18.5,Faible,0,Appareil conforme au besoin,0,Entrée de gamme,0,Entrée de gamme,0.9997
inwi,Commercial,Usage intensif,Premium,7000,95.0,Critique,1,Appareil coûteux : réserver aux profils premium,3,Premium,3,Premium,0.9997
Orange Maroc,Commercial,Usage standard,Milieu de gamme,2500,38.0,Faible,0,Appareil conforme au besoin,1,Milieu de gamme,1,Milieu de gamme,0.9717
Orange Maroc,Commercial,Usage intensif,Premium,7000,92.0,Critique,1,Appareil coûteux : réserver aux profils premium,3,Premium,3,Premium,0.956
Orange Maroc,Support,Usage basique,Milieu de gamme,2500,38.7,Faible,0,Appareil conforme au besoin,1,Milieu de gamme,1,Milieu de gamme,0.9926
Maroc Telecom,Finance,Usage intensif,Haut de gamme,4500,64.9,Élevé,1,Vérifier la pertinence budgétaire pour ce département,2,Haut de gamme,2,Haut de gamme,0.9948
Maroc Telecom,Commercial,Usage premium,Milieu de gamme,2500,37.1,Faible,0,Appareil conforme au besoin,1,Milieu de gamme,1,Milieu de gamme,0.9829
inwi,IT,Usage intensif,Entrée de gamme,1200,19.7,Faible,0,Appareil conforme au besoin,0,Entrée de gamme,0,Entrée de gamme,0.9988
inwi,RH,Usage premium,Entrée de gamme,1200,21.7,Faible,0,Appareil conforme au besoin,0,Entrée de gamme,0,Entrée de gamme,0.997
inwi,Commercial,Usage basique,Premium,7000,90.7,Critique,1,Appareil coûteux : réserver aux profils premium,3,Premium,3,Premium,0.9852
inwi,Commercial,Usage standard,Milieu de gamme,2500,41.0,Moyen,0,Appareil conforme au besoin,1,Milieu de gamme,1,Milieu de gamme,0.9944
Orange Maroc,Direction,Usage intensif,Haut de gamme,4500,60.6,Élevé,1,Vérifier la pertinence budgétaire pour ce département,2,Haut de gamme,2,Haut de gamme,0.9801
Orange Maroc,Commercial,Usage standard,Haut de gamme,4500,64.1,Élevé,1,Vérifier la pertinence budgétaire pour ce département,2,Haut de gamme,2,Haut de gamme,0.8354
inwi,Support,Usage standard,Premium,7000,97.1,Critique,1,Appareil coûteux : réserver aux profils premium,3,Premium,3,Premium,0.9995
Orange Maroc,Commercial,Usage standard,Milieu de gamme,2500,40.7,Moyen,0,Appareil conforme au besoin,1,Milieu de gamme,1,Milieu de gamme,0.9965
Orange Maroc,Commercial,Usage basique,Entrée de gamme,1200,16.8,Faible,0,Appareil conforme au besoin,0,Entrée de gamme,0,Entrée de gamme,0.9999
inwi,IT,Usage standard,Entrée de gamme,1200,17.6,Faible,0,Appareil conforme au besoin,0,Entrée de gamme,0,Entrée de gamme,0.9998
inwi,Finance,Usage basique,Premium,7000,96.6,Critique,1,Appareil coûteux : réserver aux profils premium,3,Premium,3,Premium,0.9986
Maroc Telecom,RH,Usage intensif,Premium,7000,96.9,Critique,1,Appareil coûteux : réserver aux profils premium,3,Premium,3,Premium,0.9995
Maroc Telecom,Commercial,Usage basique,Milieu de gamme,2500,38.8,Faible,0,Appareil conforme au besoin,1,Milieu de gamme,1,Milieu de gamme,0.9531
Maroc Telecom,IT,Usage basique,Milieu de gamme,2500,38.5,Faible,0,Appareil conforme au besoin,1,Milieu de gamme,1,Milieu de gamme,0.966
Orange Maroc,IT,Usage standard,Haut de gamme,4500,66.5,Élevé,1,Vérifier la pertinence budgétaire pour ce département,2,Haut de gamme,2,Haut de gamme,0.9946
Maroc Telecom,Finance,Usage standard,Milieu de gamme,2500,38.3,Faible,0,Appareil conforme au besoin,1,Milieu de gamme,1,Milieu de gamme,0.9915
Orange Maroc,Direction,Usage premium,Premium,7000,88.9,Critique,1,Appareil coûteux : réserver aux profils premium,3,Premium,3,Premium,0.9738
Orange Maroc,RH,Usage standard,Premium,7000,96.1,Critique,1,Appareil coûteux : réserver aux profils premium,3,Premium,3,Premium,0.999
Maroc Telecom,Commercial,Usage standard,Milieu de gamme,2500,39.0,Faible,0,Appareil conforme au besoin,1,Milieu de gamme,1,Milieu de gamme,0.9935
Orange Maroc,Finance,Usage intensif,Milieu de gamme,2500,39.1,Faible,0,Appareil conforme au besoin,1,Milieu de gamme,1,Milieu de gamme,0.9803
Maroc Telecom,Commercial,Usage standard,Premium,7000,98.6,Critique,1,Appareil coûteux : réserver aux profils premium,3,Premium,3,Premium,0.9996
Maroc Telecom,Finance,Usage basique,Premium,7000,97.4,Critique,1,Appareil coûteux : réserver aux profils premium,3,Premium,3,Premium,0.9976
inwi,Finance,Usage standard,Haut de gamme,4500,61.0,Élevé,1,Vérifier la pertinence budgétaire pour ce département,2,Haut de gamme,2,Haut de gamme,0.9538
Maroc Telecom,Commercial,Usage premium,Premium,7000,91.7,Critique,1,Appareil coûteux : réserver aux profils premium,3,Premium,3,Premium,0.9858
Maroc Telecom,IT,Usage standard,Entrée de gamme,1200,18.4,Faible,0,Appareil conforme au besoin,0,Entrée de gamme,0,Entrée de gamme,0.9998
Orange Maroc,IT,Usage standard,Milieu de gamme,2500,39.1,Faible,0,Appareil conforme au besoin,1,Milieu de gamme,1,Milieu de gamme,0.9837
inwi,Finance,Usage basique,Premium,7000,96.0,Critique,1,Appareil coûteux : réserver aux profils premium,3,Premium,3,Premium,0.9978
Maroc Telecom,IT,Usage basique,Milieu de gamme,2500,37.8,Faible,0,Appareil conforme au besoin,1,Milieu de gamme,1,Milieu de gamme,0.991
Orange Maroc,IT,Usage standard,Entrée de gamme,1200,20.0,Faible,0,Appareil conforme au besoin,0,Entrée de gamme,0,Entrée de gamme,0.9995
Maroc Telecom,RH,Usage standard,Milieu de gamme,2500,40.8,Moyen,0,Appareil conforme au besoin,1,Milieu de gamme,1,Milieu de gamme,0.9823
Maroc Telecom,Support,Usage basique,Premium,7000,96.3,Critique,1,Appareil coûteux : réserver aux profils premium,3,Premium,3,Premium,0.9986
Orange Maroc,Commercial,Usage premium,Entrée de gamme,1200,22.9,Faible,0,Appareil conforme au besoin,0,Entrée de gamme,0,Entrée de gamme,0.9987
Orange Maroc,Commercial,Usage intensif,Entrée de gamme,1200,20.6,Faible,0,Appareil conforme au besoin,0,Entrée de gamme,0,Entrée de gamme,0.9995
Orange Maroc,Finance,Usage standard,Premium,7000,97.0,Critique,1,Appareil coûteux : réserver aux profils premium,3,Premium,3,Premium,0.9996
Orange Maroc,Direction,Usage intensif,Entrée de gamme,1200,19.4,Faible,0,Appareil conforme au besoin,0,Entrée de gamme,0,Entrée de gamme,0.9999
inwi,RH,Usage basique,Milieu de gamme,2500,36.5,Faible,0,Appareil conforme au besoin,1,Milieu de gamme,1,Milieu de gamme,0.9913
Orange Maroc,IT,Usage standard,Milieu de gamme,2500,40.3,Moyen,0,Appareil conforme au besoin,1,Milieu de gamme,1,Milieu de gamme,0.9666
Maroc Telecom,Commercial,Usage intensif,Haut de gamme,4500,68.6,Élevé,1,Vérifier la pertinence budgétaire pour ce département,2,Haut de gamme,2,Haut de gamme,0.9926
inwi,IT,Usage intensif,Entrée de gamme,1200,23.3,Faible,0,Appareil conforme au besoin,0,Entrée de gamme,0,Entrée de gamme,0.9867
Maroc Telecom,RH,Usage intensif,Haut de gamme,4500,63.3,Élevé,1,Vérifier la pertinence budgétaire pour ce département,2,Haut de gamme,2,Haut de gamme,0.9591
Maroc Telecom,Commercial,Usage standard,Premium,7000,94.5,Critique,1,Appareil coûteux : réserver aux profils premium,3,Premium,3,Premium,0.994
Maroc Telecom,Support,Usage premium,Haut de gamme,4500,62.4,Élevé,1,Vérifier la pertinence budgétaire pour ce département,2,Haut de gamme,2,Haut de gamme,0.9838
Maroc Telecom,Commercial,Usage basique,Premium,7000,92.6,Critique,1,Appareil coûteux : réserver aux profils premium,3,Premium,3,Premium,0.9986
inwi,Support,Usage premium,Entrée de gamme,1200,18.8,Faible,0,Appareil conforme au besoin,0,Entrée de gamme,0,Entrée de gamme,0.9996
inwi,Direction,Usage premium,Haut de gamme,4500,64.7,Élevé,1,Vérifier la pertinence budgétaire pour ce département,2,Haut de gamme,2,Haut de gamme,0.9928
Orange Maroc,IT,Usage basique,Premium,7000,94.3,Critique,1,Appareil coûteux : réserver aux profils premium,3,Premium,3,Premium,0.9982
Maroc Telecom,Finance,Usage intensif,Milieu de gamme,2500,36.3,Faible,0,Appareil conforme au besoin,1,Milieu de gamme,1,Milieu de gamme,0.9843
Maroc Telecom,RH,Usage basique,Entrée de gamme,1200,21.4,Faible,0,Appareil conforme au besoin,0,Entrée de gamme,0,Entrée de gamme,0.9998
Maroc Telecom,RH,Usage standard,Entrée de gamme,1200,17.9,Faible,0,Appareil conforme au besoin,0,Entrée de gamme,0,Entrée de gamme,0.9996
Maroc Telecom,RH,Usage standard,Milieu de gamme,2500,39.1,Faible,0,Appareil conforme au besoin,1,Milieu de gamme,1,Milieu de gamme,0.9965
Orange Maroc,Direction,Usage standard,Entrée de gamme,1200,19.8,Faible,0,Appareil conforme au besoin,0,Entrée de gamme,0,Entrée de gamme,0.9992
Orange Maroc,Support,Usage premium,Premium,7000,99.2,Critique,1,Appareil coûteux : réserver aux profils premium,3,Premium,3,Premium,0.9997
Orange Maroc,Commercial,Usage intensif,Premium,7000,92.8,Critique,1,Appareil coûteux : réserver aux profils premium,3,Premium,3,Premium,0.9809
Maroc Telecom,Finance,Usage standard,Entrée de gamme,1200,22.2,Faible,0,Appareil conforme au besoin,0,Entrée de gamme,0,Entrée de gamme,0.9964
inwi,Support,Usage intensif,Entrée de gamme,1200,24.5,Faible,0,Appareil conforme au besoin,0,Entrée de gamme,0,Entrée de gamme,0.9986
Orange Maroc,Direction,Usage premium,Entrée de gamme,1200,20.5,Faible,0,Appareil conforme au besoin,0,Entrée de gamme,0,Entrée de gamme,0.9999
Orange Maroc,Support,Usage basique,Haut de gamme,4500,67.0,Élevé,1,Vérifier la pertinence budgétaire pour ce département,2,Haut de gamme,2,Haut de gamme,0.9517
Orange Maroc,IT,Usage premium,Milieu de gamme,2500,41.6,Moyen,0,Appareil conforme au besoin,1,Milieu de gamme,1,Milieu de gamme,0.9961
Maroc Telecom,Commercial,Usage basique,Haut de gamme,4500,66.3,Élevé,1,Vérifier la pertinence budgétaire pour ce département,2,Haut de gamme,2,Haut de gamme,0.9605
Maroc Telecom,IT,Usage intensif,Milieu de gamme,2500,37.9,Faible,0,Appareil conforme au besoin,1,Milieu de gamme,1,Milieu de gamme,0.9742
Maroc Telecom,Finance,Usage standard,Milieu de gamme,2500,38.9,Faible,0,Appareil conforme au besoin,1,Milieu de gamme,1,Milieu de gamme,0.9693
inwi,IT,Usage basique,Milieu de gamme,2500,39.3,Faible,0,Appareil conforme au besoin,1,Milieu de gamme,1,Milieu de gamme,0.9849
Maroc Telecom,Commercial,Usage standard,Milieu de gamme,2500,41.6,Moyen,0,Appareil conforme au besoin,1,Milieu de gamme,1,Milieu de gamme,0.9917
Maroc Telecom,Commercial,Usage intensif,Milieu de gamme,2500,39.7,Faible,0,Appareil conforme au besoin,1,Milieu de gamme,1,Milieu de gamme,0.9941
Maroc Telecom,IT,Usage standard,Haut de gamme,4500,66.9,Élevé,1,Vérifier la pertinence budgétaire pour ce département,2,Haut de gamme,2,Haut de gamme,0.9645
Maroc Telecom,RH,Usage basique,Haut de gamme,4500,63.0,Élevé,1,Vérifier la pertinence budgétaire pour ce département,2,Haut de gamme,2,Haut de gamme,0.9929
inwi,Commercial,Usage standard,Premium,7000,90.2,Critique,1,Appareil coûteux : réserver aux profils premium,3,Premium,3,Premium,0.992
Orange Maroc,RH,Usage premium,Entrée de gamme,1200,21.4,Faible,0,Appareil conforme au besoin,0,Entrée de gamme,0,Entrée de gamme,0.9973
Orange Maroc,IT,Usage standard,Haut de gamme,4500,67.7,Élevé,1,Vérifier la pertinence budgétaire pour ce département,2,Haut de gamme,2,Haut de gamme,0.954
Maroc Telecom,RH,Usage basique,Haut de gamme,4500,62.5,Élevé,1,Vérifier la pertinence budgétaire pour ce département,2,Haut de gamme,2,Haut de gamme,0.9802
Orange Maroc,Support,Usage standard,Haut de gamme,4500,65.0,Élevé,1,Vérifier la pertinence budgétaire pour ce département,2,Haut de gamme,2,Haut de gamme,0.9601
Orange Maroc,IT,Usage basique,Milieu de gamme,2500,39.6,Faible,0,Appareil conforme au besoin,1,Milieu de gamme,1,Milieu de gamme,0.9775
Maroc Telecom,IT,Usage intensif,Haut de gamme,4500,66.8,Élevé,1,Vérifier la pertinence budgétaire pour ce département,2,Haut de gamme,2,Haut de gamme,0.9902
Maroc Telecom,RH,Usage intensif,Premium,7000,93.3,Critique,1,Appareil coûteux : réserver aux profils premium,3,Premium,3,Premium,0.9996
Maroc Telecom,Direction,Usage standard,Entrée de gamme,1200,20.4,Faible,0,Appareil conforme au besoin,0,Entrée de gamme,0,Entrée de gamme,0.9646
Orange Maroc,Commercial,Usage standard,Milieu de gamme,2500,33.5,Faible,0,Appareil conforme au besoin,1,Milieu de gamme,1,Milieu de gamme,0.9742
Orange Maroc,Commercial,Usage intensif,Haut de gamme,4500,62.6,Élevé,1,Vérifier la pertinence budgétaire pour ce département,2,Haut de gamme,2,Haut de gamme,0.9978
Maroc Telecom,RH,Usage standard,Haut de gamme,4500,62.6,Élevé,1,Vérifier la pertinence budgétaire pour ce département,2,Haut de gamme,2,Haut de gamme,0.9978
Maroc Telecom,Commercial,Usage intensif,Haut de gamme,4500,63.0,Élevé,1,Vérifier la pertinence budgétaire pour ce département,2,Haut de gamme,2,Haut de gamme,0.9901
Orange Maroc,IT,Usage intensif,Haut de gamme,4500,63.1,Élevé,1,Vérifier la pertinence budgétaire pour ce département,2,Haut de gamme,2,Haut de gamme,0.9959
Orange Maroc,Commercial,Usage intensif,Milieu de gamme,2500,41.0,Moyen,0,Appareil conforme au besoin,1,Milieu de gamme,1,Milieu de gamme,0.9663
inwi,Direction,Usage standard,Premium,7000,91.2,Critique,1,Appareil coûteux : réserver aux profils premium,3,Premium,3,Premium,0.9783
Orange Maroc,Commercial,Usage standard,Entrée de gamme,1200,24.6,Faible,0,Appareil conforme au besoin,0,Entrée de gamme,0,Entrée de gamme,0.9927
Maroc Telecom,Support,Usage premium,Haut de gamme,4500,63.7,Élevé,1,Vérifier la pertinence budgétaire pour ce département,2,Haut de gamme,2,Haut de gamme,0.9927
Maroc Telecom,Support,Usage standard,Haut de gamme,4500,66.0,Élevé,1,Vérifier la pertinence budgétaire pour ce département,2,Haut de gamme,2,Haut de gamme,0.9696
Orange Maroc,IT,Usage intensif,Milieu de gamme,2500,37.8,Faible,0,Appareil conforme au besoin,1,Milieu de gamme,1,Milieu de gamme,0.9704
Maroc Telecom,Direction,Usage basique,Haut de gamme,4500,65.6,Élevé,1,Vérifier la pertinence budgétaire pour ce département,2,Haut de gamme,2,Haut de gamme,0.8949
Orange Maroc,IT,Usage intensif,Entrée de gamme,1200,20.5,Faible,0,Appareil conforme au besoin,0,Entrée de gamme,0,Entrée de gamme,0.9979
inwi,Commercial,Usage standard,Entrée de gamme,1200,21.3,Faible,0,Appareil conforme au besoin,0,Entrée de gamme,0,Entrée de gamme,0.9979
Orange Maroc,IT,Usage basique,Premium,7000,99.1,Critique,1,Appareil coûteux : réserver aux profils premium,3,Premium,3,Premium,0.9998
Maroc Telecom,IT,Usage basique,Milieu de gamme,2500,35.4,Faible,0,Appareil conforme au besoin,1,Milieu de gamme,1,Milieu de gamme,0.9053
Orange Maroc,RH,Usage intensif,Entrée de gamme,1200,18.3,Faible,0,Appareil conforme au besoin,0,Entrée de gamme,0,Entrée de gamme,0.9992
Orange Maroc,Finance,Usage intensif,Premium,7000,98.4,Critique,1,Appareil coûteux : réserver aux profils premium,3,Premium,3,Premium,0.9999
Orange Maroc,Commercial,Usage standard,Haut de gamme,4500,64.0,Élevé,1,Vérifier la pertinence budgétaire pour ce département,2,Haut de gamme,2,Haut de gamme,0.9963
inwi,Commercial,Usage basique,Entrée de gamme,1200,23.9,Faible,0,Appareil conforme au besoin,0,Entrée de gamme,0,Entrée de gamme,0.9905
Maroc Telecom,IT,Usage intensif,Entrée de gamme,1200,21.1,Faible,0,Appareil conforme au besoin,0,Entrée de gamme,0,Entrée de gamme,0.9924
inwi,IT,Usage basique,Haut de gamme,4500,60.6,Élevé,1,Vérifier la pertinence budgétaire pour ce département,2,Haut de gamme,2,Haut de gamme,0.9821
inwi,Commercial,Usage standard,Premium,7000,88.7,Critique,1,Appareil coûteux : réserver aux profils premium,3,Premium,3,Premium,0.9762
Maroc Telecom,RH,Usage basique,Haut de gamme,4500,67.8,Élevé,1,Vérifier la pertinence budgétaire pour ce département,2,Haut de gamme,2,Haut de gamme,0.9904
Maroc Telecom,Support,Usage basique,Milieu de gamme,2500,39.9,Faible,0,Appareil conforme au besoin,1,Milieu de gamme,1,Milieu de gamme,0.9966
Maroc Telecom,Commercial,Usage basique,Premium,7000,91.9,Critique,1,Appareil coûteux : réserver aux profils premium,3,Premium,3,Premium,0.9618
Maroc Telecom,Support,Usage standard,Milieu de gamme,2500,41.4,Moyen,0,Appareil conforme au besoin,1,Milieu de gamme,1,Milieu de gamme,0.9841
Maroc Telecom,Commercial,Usage basique,Premium,7000,93.5,Critique,1,Appareil coûteux : réserver aux profils premium,3,Premium,3,Premium,0.9989
Orange Maroc,RH,Usage standard,Entrée de gamme,1200,20.9,Faible,0,Appareil conforme au besoin,0,Entrée de gamme,0,Entrée de gamme,0.9998
Maroc Telecom,Commercial,Usage standard,Premium,7000,89.4,Critique,1,Appareil coûteux : réserver aux profils premium,3,Premium,3,Premium,0.9743
Maroc Telecom,Finance,Usage standard,Haut de gamme,4500,61.5,Élevé,1,Vérifier la pertinence budgétaire pour ce département,2,Haut de gamme,2,Haut de gamme,0.9564
inwi,Finance,Usage standard,Entrée de gamme,1200,23.2,Faible,0,Appareil conforme au besoin,0,Entrée de gamme,0,Entrée de gamme,0.9989
Maroc Telecom,Support,Usage intensif,Milieu de gamme,2500,41.9,Moyen,0,Appareil conforme au besoin,1,Milieu de gamme,1,Milieu de gamme,0.8364
inwi,RH,Usage basique,Entrée de gamme,1200,19.4,Faible,0,Appareil conforme au besoin,0,Entrée de gamme,0,Entrée de gamme,0.9998
Maroc Telecom,Support,Usage standard,Premium,7000,95.5,Critique,1,Appareil coûteux : réserver aux profils premium,3,Premium,3,Premium,0.9999
Maroc Telecom,Support,Usage basique,Milieu de gamme,2500,40.6,Moyen,0,Appareil conforme au besoin,1,Milieu de gamme,1,Milieu de gamme,0.9939
Orange Maroc,Support,Usage basique,Haut de gamme,4500,67.3,Élevé,1,Vérifier la pertinence budgétaire pour ce département,2,Haut de gamme,2,Haut de gamme,0.95
Orange Maroc,Direction,Usage standard,Haut de gamme,4500,65.7,Élevé,1,Vérifier la pertinence budgétaire pour ce département,2,Haut de gamme,2,Haut de gamme,0.9937
inwi,RH,Usage standard,Haut de gamme,4500,64.9,Élevé,1,Vérifier la pertinence budgétaire pour ce département,2,Haut de gamme,2,Haut de gamme,0.9697
Orange Maroc,Finance,Usage premium,Haut de gamme,4500,67.1,Élevé,1,Vérifier la pertinence budgétaire pour ce département,2,Haut de gamme,2,Haut de gamme,0.9464
inwi,Commercial,Usage standard,Premium,7000,96.1,Critique,1,Appareil coûteux : réserver aux profils premium,3,Premium,3,Premium,0.9877
Maroc Telecom,RH,Usage premium,Premium,7000,93.1,Critique,1,Appareil coûteux : réserver aux profils premium,3,Premium,3,Premium,0.9811
Maroc Telecom,Commercial,Usage basique,Milieu de gamme,2500,39.6,Faible,0,Appareil conforme au besoin,1,Milieu de gamme,2,Haut de gamme,0.5537
inwi,Support,Usage basique,Haut de gamme,4500,65.1,Élevé,1,Vérifier la pertinence budgétaire pour ce département,2,Haut de gamme,2,Haut de gamme,0.9912
inwi,Commercial,Usage basique,Premium,7000,96.8,Critique,1,Appareil coûteux : réserver aux profils premium,3,Premium,3,Premium,0.9998
inwi,RH,Usage basique,Premium,7000,94.7,Critique,1,Appareil coûteux : réserver aux profils premium,3,Premium,3,Premium,0.9947
Maroc Telecom,IT,Usage standard,Milieu de gamme,2500,40.7,Moyen,0,Appareil conforme au besoin,1,Milieu de gamme,1,Milieu de gamme,0.9929
Maroc Telecom,RH,Usage intensif,Premium,7000,98.9,Critique,1,Appareil coûteux : réserver aux profils premium,3,Premium,3,Premium,0.9999
inwi,IT,Usage basique,Premium,7000,96.2,Critique,1,Appareil coûteux : réserver aux profils premium,3,Premium,3,Premium,0.9987
Maroc Telecom,Support,Usage premium,Milieu de gamme,2500,38.4,Faible,0,Appareil conforme au besoin,1,Milieu de gamme,1,Milieu de gamme,0.9703
inwi,RH,Usage intensif,Premium,7000,97.9,Critique,1,Appareil coûteux : réserver aux profils premium,3,Premium,3,Premium,0.9994
inwi,IT,Usage standard,Premium,7000,93.8,Critique,1,Appareil coûteux : réserver aux profils premium,3,Premium,3,Premium,0.9929
Maroc Telecom,IT,Usage basique,Entrée de gamme,1200,23.5,Faible,0,Appareil conforme au besoin,0,Entrée de gamme,0,Entrée de gamme,0.9391
inwi,Commercial,Usage basique,Milieu de gamme,2500,41.1,Moyen,0,Appareil conforme au besoin,1,Milieu de gamme,1,Milieu de gamme,0.9896
inwi,Commercial,Usage basique,Premium,7000,95.0,Critique,1,Appareil coûteux : réserver aux profils premium,3,Premium,3,Premium,0.9683
Maroc Telecom,RH,Usage basique,Haut de gamme,4500,64.0,Élevé,1,Vérifier la pertinence budgétaire pour ce département,2,Haut de gamme,2,Haut de gamme,0.9955
inwi,IT,Usage standard,Premium,7000,91.3,Critique,1,Appareil coûteux : réserver aux profils premium,3,Premium,3,Premium,0.9985
Orange Maroc,RH,Usage basique,Premium,7000,94.0,Critique,1,Appareil coûteux : réserver aux profils premium,3,Premium,3,Premium,0.9922
inwi,Finance,Usage standard,Haut de gamme,4500,60.0,Élevé,1,Vérifier la pertinence budgétaire pour ce département,2,Haut de gamme,2,Haut de gamme,0.9355
Maroc Telecom,Commercial,Usage premium,Haut de gamme,4500,64.8,Élevé,1,Vérifier la pertinence budgétaire pour ce département,2,Haut de gamme,2,Haut de gamme,0.9963
inwi,Commercial,Usage intensif,Premium,7000,94.4,Critique,1,Appareil coûteux : réserver aux profils premium,3,Premium,3,Premium,0.9981
Maroc Telecom,RH,Usage premium,Premium,7000,93.3,Critique,1,Appareil coûteux : réserver aux profils premium,3,Premium,3,Premium,0.9994
Maroc Telecom,Finance,Usage basique,Entrée de gamme,1200,25.1,Faible,0,Appareil conforme au besoin,0,Entrée de gamme,0,Entrée de gamme,0.8898
inwi,Direction,Usage standard,Haut de gamme,4500,66.6,Élevé,1,Vérifier la pertinence budgétaire pour ce département,2,Haut de gamme,2,Haut de gamme,0.9902
Maroc Telecom,Commercial,Usage standard,Haut de gamme,4500,64.8,Élevé,1,Vérifier la pertinence budgétaire pour ce département,2,Haut de gamme,2,Haut de gamme,0.9673
Maroc Telecom,Commercial,Usage basique,Entrée de gamme,1200,20.1,Faible,0,Appareil conforme au besoin,0,Entrée de gamme,0,Entrée de gamme,0.9999
inwi,IT,Usage basique,Premium,7000,97.4,Critique,1,Appareil coûteux : réserver aux profils premium,3,Premium,3,Premium,1.0
inwi,Commercial,Usage intensif,Milieu de gamme,2500,38.1,Faible,0,Appareil conforme au besoin,1,Milieu de gamme,1,Milieu de gamme,0.8326
Orange Maroc,IT,Usage intensif,Haut de gamme,4500,63.5,Élevé,1,Vérifier la pertinence budgétaire pour ce département,2,Haut de gamme,2,Haut de gamme,0.9761
Orange Maroc,Commercial,Usage standard,Premium,7000,92.7,Critique,1,Appareil coûteux : réserver aux profils premium,3,Premium,3,Premium,0.9791
Maroc Telecom,Direction,Usage standard,Haut de gamme,4500,62.5,Élevé,1,Vérifier la pertinence budgétaire pour ce département,2,Haut de gamme,2,Haut de gamme,0.9923
Maroc Telecom,RH,Usage standard,Milieu de gamme,2500,41.2,Moyen,0,Appareil conforme au besoin,1,Milieu de gamme,1,Milieu de gamme,0.9838
Maroc Telecom,IT,Usage basique,Milieu de gamme,2500,39.5,Faible,0,Appareil conforme au besoin,1,Milieu de gamme,1,Milieu de gamme,0.9916
Orange Maroc,IT,Usage standard,Milieu de gamme,2500,41.7,Moyen,0,Appareil conforme au besoin,1,Milieu de gamme,1,Milieu de gamme,0.9926
inwi,RH,Usage basique,Entrée de gamme,1200,20.6,Faible,0,Appareil conforme au besoin,0,Entrée de gamme,0,Entrée de gamme,0.999
inwi,IT,Usage basique,Milieu de gamme,2500,40.2,Moyen,0,Appareil conforme au besoin,1,Milieu de gamme,1,Milieu de gamme,0.9949
inwi,IT,Usage premium,Haut de gamme,4500,63.4,Élevé,1,Vérifier la pertinence budgétaire pour ce département,2,Haut de gamme,2,Haut de gamme,0.9853
Maroc Telecom,Support,Usage standard,Haut de gamme,4500,63.1,Élevé,1,Vérifier la pertinence budgétaire pour ce département,2,Haut de gamme,2,Haut de gamme,0.9837
Orange Maroc,Commercial,Usage intensif,Entrée de gamme,1200,26.0,Faible,0,Appareil conforme au besoin,0,Entrée de gamme,0,Entrée de gamme,0.9365
Maroc Telecom,Finance,Usage standard,Haut de gamme,4500,67.1,Élevé,1,Vérifier la pertinence budgétaire pour ce département,2,Haut de gamme,2,Haut de gamme,0.9705
Orange Maroc,Direction,Usage standard,Haut de gamme,4500,69.5,Élevé,1,Vérifier la pertinence budgétaire pour ce département,2,Haut de gamme,2,Haut de gamme,0.9594
Maroc Telecom,IT,Usage basique,Entrée de gamme,1200,21.1,Faible,0,Appareil conforme au besoin,0,Entrée de gamme,0,Entrée de gamme,0.9943
inwi,Direction,Usage basique,Premium,7000,98.5,Critique,1,Appareil coûteux : réserver aux profils premium,3,Premium,3,Premium,0.9997
Maroc Telecom,Finance,Usage basique,Milieu de gamme,2500,40.0,Moyen,0,Appareil conforme au besoin,1,Milieu de gamme,1,Milieu de gamme,0.9859
Maroc Telecom,Support,Usage intensif,Milieu de gamme,2500,37.5,Faible,0,Appareil conforme au besoin,1,Milieu de gamme,1,Milieu de gamme,0.9833
Maroc Telecom,Commercial,Usage intensif,Premium,7000,96.2,Critique,1,Appareil coûteux : réserver aux profils premium,3,Premium,3,Premium,0.9999
inwi,Support,Usage standard,Milieu de gamme,2500,43.0,Moyen,0,Appareil conforme au besoin,1,Milieu de gamme,1,Milieu de gamme,0.9866
Orange Maroc,Direction,Usage standard,Premium,7000,91.0,Critique,1,Appareil coûteux : réserver aux profils premium,3,Premium,3,Premium,0.9648
Maroc Telecom,Finance,Usage premium,Milieu de gamme,2500,38.7,Faible,0,Appareil conforme au besoin,1,Milieu de gamme,1,Milieu de gamme,0.9888
Maroc Telecom,Direction,Usage basique,Entrée de gamme,1200,17.9,Faible,0,Appareil conforme au besoin,0,Entrée de gamme,0,Entrée de gamme,0.9999
Orange Maroc,RH,Usage standard,Entrée de gamme,1200,19.0,Faible,0,Appareil conforme au besoin,0,Entrée de gamme,0,Entrée de gamme,0.9999
Maroc Telecom,RH,Usage standard,Premium,7000,89.5,Critique,1,Appareil coûteux : réserver aux profils premium,3,Premium,3,Premium,0.975
inwi,RH,Usage intensif,Milieu de gamme,2500,37.3,Faible,0,Appareil conforme au besoin,1,Milieu de gamme,1,Milieu de gamme,0.988
Orange Maroc,Commercial,Usage premium,Premium,7000,92.8,Critique,1,Appareil coûteux : réserver aux profils premium,3,Premium,3,Premium,0.9865
Maroc Telecom,IT,Usage basique,Entrée de gamme,1200,24.6,Faible,0,Appareil conforme au besoin,0,Entrée de gamme,0,Entrée de gamme,0.9789
Maroc Telecom,Commercial,Usage premium,Entrée de gamme,1200,24.4,Faible,0,Appareil conforme au besoin,0,Entrée de gamme,0,Entrée de gamme,0.9648
inwi,Commercial,Usage intensif,Milieu de gamme,2500,38.6,Faible,0,Appareil conforme au besoin,1,Milieu de gamme,1,Milieu de gamme,0.9898
Maroc Telecom,Support,Usage basique,Premium,7000,91.6,Critique,1,Appareil coûteux : réserver aux profils premium,3,Premium,3,Premium,0.9804
Maroc Telecom,Support,Usage standard,Milieu de gamme,2500,38.1,Faible,0,Appareil conforme au besoin,1,Milieu de gamme,1,Milieu de gamme,0.9965
inwi,RH,Usage standard,Entrée de gamme,1200,21.7,Faible,0,Appareil conforme au besoin,0,Entrée de gamme,0,Entrée de gamme,0.9968
inwi,Finance,Usage premium,Entrée de gamme,1200,22.5,Faible,0,Appareil conforme au besoin,0,Entrée de gamme,0,Entrée de gamme,0.9977
inwi,Finance,Usage basique,Haut de gamme,4500,63.6,Élevé,1,Vérifier la pertinence budgétaire pour ce département,2,Haut de gamme,2,Haut de gamme,0.9687
inwi,Finance,Usage intensif,Haut de gamme,4500,65.5,Élevé,1,Vérifier la pertinence budgétaire pour ce département,2,Haut de gamme,2,Haut de gamme,0.9899
Maroc Telecom,IT,Usage standard,Haut de gamme,4500,66.0,Élevé,1,Vérifier la pertinence budgétaire pour ce département,2,Haut de gamme,2,Haut de gamme,0.8567
Maroc Telecom,RH,Usage intensif,Milieu de gamme,2500,42.9,Moyen,0,Appareil conforme au besoin,1,Milieu de gamme,1,Milieu de gamme,0.9786
inwi,Finance,Usage standard,Milieu de gamme,2500,39.5,Faible,0,Appareil conforme au besoin,1,Milieu de gamme,1,Milieu de gamme,0.9893
Orange Maroc,Direction,Usage standard,Milieu de gamme,2500,39.4,Faible,0,Appareil conforme au besoin,1,Milieu de gamme,1,Milieu de gamme,0.9972
Maroc Telecom,Commercial,Usage intensif,Premium,7000,96.6,Critique,1,Appareil coûteux : réserver aux profils premium,3,Premium,3,Premium,0.9997
inwi,RH,Usage intensif,Entrée de gamme,1200,23.7,Faible,0,Appareil conforme au besoin,0,Entrée de gamme,0,Entrée de gamme,0.9849
Maroc Telecom,Commercial,Usage premium,Premium,7000,93.8,Critique,1,Appareil coûteux : réserver aux profils premium,3,Premium,3,Premium,0.9995
Orange Maroc,IT,Usage basique,Haut de gamme,4500,65.6,Élevé,1,Vérifier la pertinence budgétaire pour ce département,2,Haut de gamme,2,Haut de gamme,0.9876
Maroc Telecom,RH,Usage intensif,Milieu de gamme,2500,36.4,Faible,0,Appareil conforme au besoin,1,Milieu de gamme,1,Milieu de gamme,0.9577
Orange Maroc,Commercial,Usage basique,Premium,7000,90.6,Critique,1,Appareil coûteux : réserver aux profils premium,3,Premium,3,Premium,0.97
Maroc Telecom,Commercial,Usage standard,Milieu de gamme,2500,38.5,Faible,0,Appareil conforme au besoin,1,Milieu de gamme,1,Milieu de gamme,0.985
Maroc Telecom,RH,Usage standard,Entrée de gamme,1200,21.3,Faible,0,Appareil conforme au besoin,0,Entrée de gamme,0,Entrée de gamme,0.9954
Maroc Telecom,Direction,Usage standard,Haut de gamme,4500,66.8,Élevé,1,Vérifier la pertinence budgétaire pour ce département,2,Haut de gamme,2,Haut de gamme,0.9943
Orange Maroc,Support,Usage standard,Haut de gamme,4500,64.2,Élevé,1,Vérifier la pertinence budgétaire pour ce département,2,Haut de gamme,2,Haut de gamme,0.9898
Orange Maroc,Commercial,Usage premium,Milieu de gamme,2500,43.0,Moyen,0,Appareil conforme au besoin,1,Milieu de gamme,1,Milieu de gamme,0.9666
Orange Maroc,Commercial,Usage basique,Entrée de gamme,1200,22.5,Faible,0,Appareil conforme au besoin,0,Entrée de gamme,0,Entrée de gamme,0.9934
inwi,Commercial,Usage intensif,Entrée de gamme,1200,20.4,Faible,0,Appareil conforme au besoin,0,Entrée de gamme,0,Entrée de gamme,0.9934
Maroc Telecom,Finance,Usage standard,Premium,7000,96.2,Critique,1,Appareil coûteux : réserver aux profils premium,3,Premium,3,Premium,0.9994
Maroc Telecom,RH,Usage basique,Premium,7000,98.1,Critique,1,Appareil coûteux : réserver aux profils premium,3,Premium,3,Premium,0.9999
inwi,IT,Usage basique,Entrée de gamme,1200,20.5,Faible,0,Appareil conforme au besoin,0,Entrée de gamme,0,Entrée de gamme,0.9996
Maroc Telecom,Commercial,Usage premium,Entrée de gamme,1200,21.2,Faible,0,Appareil conforme au besoin,0,Entrée de gamme,0,Entrée de gamme,0.9995
inwi,Commercial,Usage premium,Milieu de gamme,2500,42.9,Moyen,0,Appareil conforme au besoin,1,Milieu de gamme,1,Milieu de gamme,0.9917
Maroc Telecom,Finance,Usage premium,Premium,7000,93.1,Critique,1,Appareil coûteux : réserver aux profils premium,3,Premium,3,Premium,0.9851
inwi,Direction,Usage premium,Premium,7000,97.9,Critique,1,Appareil coûteux : réserver aux profils premium,3,Premium,3,Premium,0.9999
Maroc Telecom,Direction,Usage basique,Milieu de gamme,2500,40.2,Moyen,0,Appareil conforme au besoin,1,Milieu de gamme,1,Milieu de gamme,0.9858
inwi,Support,Usage standard,Entrée de gamme,1200,24.0,Faible,0,Appareil conforme au besoin,0,Entrée de gamme,0,Entrée de gamme,0.7859
Orange Maroc,Commercial,Usage intensif,Haut de gamme,4500,66.5,Élevé,1,Vérifier la pertinence budgétaire pour ce département,2,Haut de gamme,2,Haut de gamme,0.9921
inwi,Support,Usage standard,Haut de gamme,4500,67.1,Élevé,1,Vérifier la pertinence budgétaire pour ce département,2,Haut de gamme,3,Premium,0.7726
Maroc Telecom,IT,Usage standard,Premium,7000,94.3,Critique,1,Appareil coûteux : réserver aux profils premium,3,Premium,3,Premium,0.9997
Orange Maroc,Support,Usage standard,Entrée de gamme,1200,19.6,Faible,0,Appareil conforme au besoin,0,Entrée de gamme,0,Entrée de gamme,0.9995
inwi,IT,Usage standard,Premium,7000,95.5,Critique,1,Appareil coûteux : réserver aux profils premium,3,Premium,3,Premium,0.9995
Orange Maroc,Support,Usage standard,Premium,7000,97.8,Critique,1,Appareil coûteux : réserver aux profils premium,3,Premium,3,Premium,0.9999
Orange Maroc,Finance,Usage basique,Entrée de gamme,1200,22.0,Faible,0,Appareil conforme au besoin,0,Entrée de gamme,0,Entrée de gamme,0.994
Orange Maroc,Support,Usage standard,Premium,7000,97.0,Critique,1,Appareil coûteux : réserver aux profils premium,3,Premium,3,Premium,0.9998
Orange Maroc,Direction,Usage standard,Entrée de gamme,1200,21.0,Faible,0,Appareil conforme au besoin,0,Entrée de gamme,0,Entrée de gamme,0.999
Orange Maroc,IT,Usage standard,Premium,7000,95.6,Critique,1,Appareil coûteux : réserver aux profils premium,3,Premium,3,Premium,0.9998
Orange Maroc,Commercial,Usage basique,Milieu de gamme,2500,41.5,Moyen,0,Appareil conforme au besoin,1,Milieu de gamme,1,Milieu de gamme,0.9619
inwi,Direction,Usage intensif,Entrée de gamme,1200,20.5,Faible,0,Appareil conforme au besoin,0,Entrée de gamme,0,Entrée de gamme,0.9991
Maroc Telecom,Commercial,Usage basique,Haut de gamme,4500,64.3,Élevé,1,Vérifier la pertinence budgétaire pour ce département,2,Haut de gamme,2,Haut de gamme,0.9917
Maroc Telecom,Support,Usage standard,Haut de gamme,4500,63.7,Élevé,1,Vérifier la pertinence budgétaire pour ce département,2,Haut de gamme,2,Haut de gamme,0.9932
inwi,Commercial,Usage intensif,Milieu de gamme,2500,40.4,Moyen,0,Appareil conforme au besoin,1,Milieu de gamme,1,Milieu de gamme,0.9618
inwi,RH,Usage standard,Haut de gamme,4500,60.9,Élevé,1,Vérifier la pertinence budgétaire pour ce département,2,Haut de gamme,2,Haut de gamme,0.9162
Orange Maroc,Finance,Usage standard,Entrée de gamme,1200,21.5,Faible,0,Appareil conforme au besoin,0,Entrée de gamme,0,Entrée de gamme,0.9985
Orange Maroc,Finance,Usage intensif,Premium,7000,97.8,Critique,1,Appareil coûteux : réserver aux profils premium,3,Premium,3,Premium,0.9991
Maroc Telecom,Support,Usage standard,Haut de gamme,4500,64.8,Élevé,1,Vérifier la pertinence budgétaire pour ce département,2,Haut de gamme,2,Haut de gamme,0.9974
Maroc Telecom,RH,Usage intensif,Entrée de gamme,1200,23.2,Faible,0,Appareil conforme au besoin,0,Entrée de gamme,0,Entrée de gamme,0.9915
Orange Maroc,Commercial,Usage intensif,Milieu de gamme,2500,41.0,Moyen,0,Appareil conforme au besoin,1,Milieu de gamme,1,Milieu de gamme,0.9709
Maroc Telecom,Commercial,Usage intensif,Haut de gamme,4500,64.0,Élevé,1,Vérifier la pertinence budgétaire pour ce département,2,Haut de gamme,2,Haut de gamme,0.9956
Orange Maroc,Commercial,Usage standard,Premium,7000,96.0,Critique,1,Appareil coûteux : réserver aux profils premium,3,Premium,3,Premium,0.9995
Maroc Telecom,Support,Usage basique,Milieu de gamme,2500,42.6,Moyen,0,Appareil conforme au besoin,1,Milieu de gamme,1,Milieu de gamme,0.9963
inwi,Direction,Usage standard,Haut de gamme,4500,67.1,Élevé,1,Vérifier la pertinence budgétaire pour ce département,2,Haut de gamme,2,Haut de gamme,0.9804
inwi,RH,Usage standard,Premium,7000,93.7,Critique,1,Appareil coûteux : réserver aux profils premium,3,Premium,3,Premium,0.9856
Orange Maroc,Support,Usage standard,Entrée de gamme,1200,24.2,Faible,0,Appareil conforme au besoin,0,Entrée de gamme,0,Entrée de gamme,0.971
Orange Maroc,Support,Usage standard,Premium,7000,96.7,Critique,1,Appareil coûteux : réserver aux profils premium,3,Premium,3,Premium,0.9999
Maroc Telecom,Commercial,Usage standard,Milieu de gamme,2500,37.6,Faible,0,Appareil conforme au besoin,1,Milieu de gamme,1,Milieu de gamme,0.9512
inwi,Direction,Usage basique,Entrée de gamme,1200,23.5,Faible,0,Appareil conforme au besoin,0,Entrée de gamme,0,Entrée de gamme,0.9458
Orange Maroc,Finance,Usage standard,Entrée de gamme,1200,23.3,Faible,0,Appareil conforme au besoin,0,Entrée de gamme,0,Entrée de gamme,0.9986
Maroc Telecom,IT,Usage standard,Milieu de gamme,2500,40.9,Moyen,0,Appareil conforme au besoin,1,Milieu de gamme,1,Milieu de gamme,0.9929
inwi,Support,Usage intensif,Haut de gamme,4500,62.4,Élevé,1,Vérifier la pertinence budgétaire pour ce département,2,Haut de gamme,2,Haut de gamme,0.8112
inwi,RH,Usage basique,Haut de gamme,4500,60.6,Élevé,1,Vérifier la pertinence budgétaire pour ce département,2,Haut de gamme,2,Haut de gamme,0.9681
inwi,Support,Usage standard,Haut de gamme,4500,62.0,Élevé,1,Vérifier la pertinence budgétaire pour ce département,2,Haut de gamme,2,Haut de gamme,0.9936
Orange Maroc,Support,Usage premium,Haut de gamme,4500,64.1,Élevé,1,Vérifier la pertinence budgétaire pour ce département,2,Haut de gamme,2,Haut de gamme,0.9907
Orange Maroc,IT,Usage basique,Premium,7000,90.5,Critique,1,Appareil coûteux : réserver aux profils premium,3,Premium,3,Premium,0.9614
Maroc Telecom,Support,Usage standard,Premium,7000,94.3,Critique,1,Appareil coûteux : réserver aux profils premium,3,Premium,3,Premium,0.9993
inwi,RH,Usage basique,Entrée de gamme,1200,23.3,Faible,0,Appareil conforme au besoin,0,Entrée de gamme,0,Entrée de gamme,0.9953
inwi,Commercial,Usage intensif,Milieu de gamme,2500,42.7,Moyen,0,Appareil conforme au besoin,1,Milieu de gamme,1,Milieu de gamme,0.9821
Maroc Telecom,Commercial,Usage standard,Milieu de gamme,2500,40.1,Moyen,0,Appareil conforme au besoin,1,Milieu de gamme,1,Milieu de gamme,0.9945
Maroc Telecom,Direction,Usage standard,Haut de gamme,4500,69.1,Élevé,1,Vérifier la pertinence budgétaire pour ce département,2,Haut de gamme,2,Haut de gamme,0.9665
Maroc Telecom,IT,Usage standard,Milieu de gamme,2500,38.3,Faible,0,Appareil conforme au besoin,1,Milieu de gamme,1,Milieu de gamme,0.973
inwi,Commercial,Usage premium,Premium,7000,93.9,Critique,1,Appareil coûteux : réserver aux profils premium,3,Premium,3,Premium,0.9999
inwi,Commercial,Usage basique,Premium,7000,95.3,Critique,1,Appareil coûteux : réserver aux profils premium,3,Premium,3,Premium,0.9998
Maroc Telecom,Support,Usage basique,Premium,7000,98.5,Critique,1,Appareil coûteux : réserver aux profils premium,3,Premium,3,Premium,0.9998
Orange Maroc,Commercial,Usage premium,Premium,7000,93.0,Critique,1,Appareil coûteux : réserver aux profils premium,3,Premium,3,Premium,0.9976
Maroc Telecom,IT,Usage standard,Milieu de gamme,2500,37.8,Faible,0,Appareil conforme au besoin,1,Milieu de gamme,1,Milieu de gamme,0.9943
inwi,Finance,Usage premium,Premium,7000,98.6,Critique,1,Appareil coûteux : réserver aux profils premium,3,Premium,3,Premium,0.9999
inwi,RH,Usage standard,Premium,7000,94.0,Critique,1,Appareil coûteux : réserver aux profils premium,3,Premium,3,Premium,0.989
inwi,Support,Usage intensif,Premium,7000,90.5,Critique,1,Appareil coûteux : réserver aux profils premium,3,Premium,3,Premium,0.9636
Orange Maroc,Finance,Usage standard,Premium,7000,97.8,Critique,1,Appareil coûteux : réserver aux profils premium,3,Premium,3,Premium,1.0
Maroc Telecom,Finance,Usage intensif,Haut de gamme,4500,61.1,Élevé,1,Vérifier la pertinence budgétaire pour ce département,2,Haut de gamme,2,Haut de gamme,0.7407
Maroc Telecom,Direction,Usage premium,Premium,7000,92.8,Critique,1,Appareil coûteux : réserver aux profils premium,3,Premium,3,Premium,0.9743
Maroc Telecom,IT,Usage standard,Haut de gamme,4500,65.0,Élevé,1,Vérifier la pertinence budgétaire pour ce département,2,Haut de gamme,2,Haut de gamme,0.9897
inwi,Direction,Usage basique,Haut de gamme,4500,66.3,Élevé,1,Vérifier la pertinence budgétaire pour ce département,2,Haut de gamme,2,Haut de gamme,0.8364
inwi,Commercial,Usage standard,Entrée de gamme,1200,21.8,Faible,0,Appareil conforme au besoin,0,Entrée de gamme,0,Entrée de gamme,0.9997
inwi,Support,Usage basique,Entrée de gamme,1200,18.3,Faible,0,Appareil conforme au besoin,0,Entrée de gamme,0,Entrée de gamme,0.9992
inwi,Finance,Usage basique,Premium,7000,93.3,Critique,1,Appareil coûteux : réserver aux profils premium,3,Premium,3,Premium,0.9908
Orange Maroc,IT,Usage standard,Milieu de gamme,2500,39.7,Faible,0,Appareil conforme au besoin,1,Milieu de gamme,1,Milieu de gamme,0.9917
inwi,Support,Usage standard,Haut de gamme,4500,67.6,Élevé,1,Vérifier la pertinence budgétaire pour ce département,2,Haut de gamme,2,Haut de gamme,0.9852
inwi,Support,Usage standard,Haut de gamme,4500,63.2,Élevé,1,Vérifier la pertinence budgétaire pour ce département,2,Haut de gamme,2,Haut de gamme,0.9886
inwi,Support,Usage standard,Entrée de gamme,1200,19.0,Faible,0,Appareil conforme au besoin,0,Entrée de gamme,0,Entrée de gamme,0.9986
Maroc Telecom,IT,Usage intensif,Haut de gamme,4500,63.5,Élevé,1,Vérifier la pertinence budgétaire pour ce département,2,Haut de gamme,2,Haut de gamme,0.9953
Orange Maroc,Support,Usage basique,Haut de gamme,4500,66.8,Élevé,1,Vérifier la pertinence budgétaire pour ce département,2,Haut de gamme,2,Haut de gamme,0.9747
Maroc Telecom,Support,Usage basique,Milieu de gamme,2500,37.1,Faible,0,Appareil conforme au besoin,1,Milieu de gamme,1,Milieu de gamme,0.9939
inwi,Commercial,Usage basique,Entrée de gamme,1200,18.0,Faible,0,Appareil conforme au besoin,0,Entrée de gamme,0,Entrée de gamme,0.9994
Orange Maroc,Support,Usage standard,Premium,7000,89.7,Critique,1,Appareil coûteux : réserver aux profils premium,3,Premium,3,Premium,0.9863
Maroc Telecom,Support,Usage basique,Milieu de gamme,2500,41.9,Moyen,0,Appareil conforme au besoin,1,Milieu de gamme,1,Milieu de gamme,0.9066
Orange Maroc,Commercial,Usage standard,Milieu de gamme,2500,41.5,Moyen,0,Appareil conforme au besoin,1,Milieu de gamme,1,Milieu de gamme,0.9839
Orange Maroc,IT,Usage standard,Milieu de gamme,2500,37.8,Faible,0,Appareil conforme au besoin,1,Milieu de gamme,1,Milieu de gamme,0.9953
Maroc Telecom,Commercial,Usage intensif,Milieu de gamme,2500,41.1,Moyen,0,Appareil conforme au besoin,1,Milieu de gamme,1,Milieu de gamme,0.9693
Maroc Telecom,IT,Usage basique,Milieu de gamme,2500,43.2,Moyen,0,Appareil conforme au besoin,1,Milieu de gamme,1,Milieu de gamme,0.9916
Orange Maroc,RH,Usage intensif,Haut de gamme,4500,60.6,Élevé,1,Vérifier la pertinence budgétaire pour ce département,2,Haut de gamme,2,Haut de gamme,0.7885
Orange Maroc,RH,Usage intensif,Haut de gamme,4500,66.2,Élevé,1,Vérifier la pertinence budgétaire pour ce département,2,Haut de gamme,2,Haut de gamme,0.9835
inwi,IT,Usage intensif,Milieu de gamme,2500,38.6,Faible,0,Appareil conforme au besoin,1,Milieu de gamme,1,Milieu de gamme,0.9917
Orange Maroc,RH,Usage premium,Premium,7000,96.8,Critique,1,Appareil coûteux : réserver aux profils premium,3,Premium,3,Premium,0.9997
inwi,IT,Usage basique,Milieu de gamme,2500,38.8,Faible,0,Appareil conforme au besoin,1,Milieu de gamme,1,Milieu de gamme,0.9836
Orange Maroc,Support,Usage basique,Entrée de gamme,1200,22.9,Faible,0,Appareil conforme au besoin,0,Entrée de gamme,0,Entrée de gamme,0.6365
Orange Maroc,Direction,Usage premium,Milieu de gamme,2500,39.2,Faible,0,Appareil conforme au besoin,1,Milieu de gamme,1,Milieu de gamme,0.9802
inwi,IT,Usage standard,Entrée de gamme,1200,22.9,Faible,0,Appareil conforme au besoin,0,Entrée de gamme,0,Entrée de gamme,0.9997
Maroc Telecom,Direction,Usage standard,Entrée de gamme,1200,23.1,Faible,0,Appareil conforme au besoin,0,Entrée de gamme,0,Entrée de gamme,0.9996
Maroc Telecom,Commercial,Usage intensif,Haut de gamme,4500,65.8,Élevé,1,Vérifier la pertinence budgétaire pour ce département,2,Haut de gamme,2,Haut de gamme,0.9901
Maroc Telecom,Finance,Usage intensif,Haut de gamme,4500,67.2,Élevé,1,Vérifier la pertinence budgétaire pour ce département,2,Haut de gamme,2,Haut de gamme,0.9262
inwi,IT,Usage premium,Haut de gamme,4500,60.3,Élevé,1,Vérifier la pertinence budgétaire pour ce département,2,Haut de gamme,2,Haut de gamme,0.9782
Orange Maroc,Commercial,Usage premium,Entrée de gamme,1200,23.1,Faible,0,Appareil conforme au besoin,0,Entrée de gamme,0,Entrée de gamme,0.9863
Orange Maroc,Support,Usage intensif,Premium,7000,91.7,Critique,1,Appareil coûteux : réserver aux profils premium,3,Premium,3,Premium,0.9675
Maroc Telecom,Support,Usage standard,Milieu de gamme,2500,39.5,Faible,0,Appareil conforme au besoin,1,Milieu de gamme,1,Milieu de gamme,0.9874
Maroc Telecom,IT,Usage premium,Haut de gamme,4500,63.3,Élevé,1,Vérifier la pertinence budgétaire pour ce département,2,Haut de gamme,2,Haut de gamme,0.9834
Maroc Telecom,IT,Usage basique,Milieu de gamme,2500,37.5,Faible,0,Appareil conforme au besoin,1,Milieu de gamme,1,Milieu de gamme,0.9788
Maroc Telecom,RH,Usage basique,Haut de gamme,4500,64.2,Élevé,1,Vérifier la pertinence budgétaire pour ce département,2,Haut de gamme,2,Haut de gamme,0.9744
Orange Maroc,Finance,Usage premium,Entrée de gamme,1200,20.6,Faible,0,Appareil conforme au besoin,0,Entrée de gamme,0,Entrée de gamme,0.9832
Maroc Telecom,Finance,Usage standard,Entrée de gamme,1200,23.2,Faible,0,Appareil conforme au besoin,0,Entrée de gamme,0,Entrée de gamme,0.9882
Maroc Telecom,Finance,Usage basique,Milieu de gamme,2500,34.7,Faible,0,Appareil conforme au besoin,1,Milieu de gamme,1,Milieu de gamme,0.9864
inwi,Support,Usage basique,Premium,7000,92.1,Critique,1,Appareil coûteux : réserver aux profils premium,3,Premium,3,Premium,0.9989
Maroc Telecom,Direction,Usage premium,Premium,7000,94.4,Critique,1,Appareil coûteux : réserver aux profils premium,3,Premium,3,Premium,0.9947
Orange Maroc,RH,Usage standard,Premium,7000,95.2,Critique,1,Appareil coûteux : réserver aux profils premium,3,Premium,3,Premium,0.999
inwi,Direction,Usage intensif,Premium,7000,94.2,Critique,1,Appareil coûteux : réserver aux profils premium,3,Premium,3,Premium,0.7766
Maroc Telecom,Finance,Usage basique,Premium,7000,97.1,Critique,1,Appareil coûteux : réserver aux profils premium,3,Premium,3,Premium,0.9997
Orange Maroc,Commercial,Usage intensif,Premium,7000,99.1,Critique,1,Appareil coûteux : réserver aux profils premium,3,Premium,3,Premium,0.9997
inwi,Finance,Usage intensif,Entrée de gamme,1200,26.2,Faible,0,Appareil conforme au besoin,0,Entrée de gamme,0,Entrée de gamme,0.9816
inwi,Commercial,Usage standard,Haut de gamme,4500,65.4,Élevé,1,Vérifier la pertinence budgétaire pour ce département,2,Haut de gamme,2,Haut de gamme,0.9786
Maroc Telecom,Direction,Usage standard,Haut de gamme,4500,61.8,Élevé,1,Vérifier la pertinence budgétaire pour ce département,2,Haut de gamme,2,Haut de gamme,0.9954
inwi,Commercial,Usage basique,Entrée de gamme,1200,21.8,Faible,0,Appareil conforme au besoin,0,Entrée de gamme,0,Entrée de gamme,0.9874
Orange Maroc,RH,Usage premium,Entrée de gamme,1200,22.9,Faible,0,Appareil conforme au besoin,0,Entrée de gamme,0,Entrée de gamme,0.9991
Maroc Telecom,Commercial,Usage intensif,Premium,7000,93.2,Critique,1,Appareil coûteux : réserver aux profils premium,3,Premium,3,Premium,0.9843
Orange Maroc,IT,Usage premium,Premium,7000,92.4,Critique,1,Appareil coûteux : réserver aux profils premium,3,Premium,3,Premium,0.9996
inwi,Support,Usage standard,Premium,7000,95.6,Critique,1,Appareil coûteux : réserver aux profils premium,3,Premium,3,Premium,0.9999
Orange Maroc,Commercial,Usage intensif,Entrée de gamme,1200,24.5,Faible,0,Appareil conforme au besoin,0,Entrée de gamme,0,Entrée de gamme,0.9825
Maroc Telecom,RH,Usage intensif,Entrée de gamme,1200,24.9,Faible,0,Appareil conforme au besoin,0,Entrée de gamme,0,Entrée de gamme,0.9953
Orange Maroc,Commercial,Usage intensif,Premium,7000,93.3,Critique,1,Appareil coûteux : réserver aux profils premium,3,Premium,3,Premium,0.9992
Maroc Telecom,Commercial,Usage premium,Entrée de gamme,1200,18.1,Faible,0,Appareil conforme au besoin,0,Entrée de gamme,0,Entrée de gamme,0.9996
Maroc Telecom,IT,Usage standard,Entrée de gamme,1200,21.1,Faible,0,Appareil conforme au besoin,0,Entrée de gamme,0,Entrée de gamme,0.9671
Maroc Telecom,Commercial,Usage basique,Milieu de gamme,2500,40.0,Moyen,0,Appareil conforme au besoin,1,Milieu de gamme,1,Milieu de gamme,0.9966
Maroc Telecom,Finance,Usage intensif,Haut de gamme,4500,60.8,Élevé,1,Vérifier la pertinence budgétaire pour ce département,2,Haut de gamme,2,Haut de gamme,0.903
Maroc Telecom,Support,Usage intensif,Entrée de gamme,1200,21.6,Faible,0,Appareil conforme au besoin,0,Entrée de gamme,0,Entrée de gamme,0.9995
Maroc Telecom,Support,Usage standard,Haut de gamme,4500,63.9,Élevé,1,Vérifier la pertinence budgétaire pour ce département,2,Haut de gamme,2,Haut de gamme,0.9449
Orange Maroc,Support,Usage basique,Premium,7000,95.7,Critique,1,Appareil coûteux : réserver aux profils premium,3,Premium,3,Premium,0.9911
Maroc Telecom,Commercial,Usage standard,Milieu de gamme,2500,37.2,Faible,0,Appareil conforme au besoin,1,Milieu de gamme,1,Milieu de gamme,0.9488
Maroc Telecom,Commercial,Usage standard,Premium,7000,93.9,Critique,1,Appareil coûteux : réserver aux profils premium,3,Premium,3,Premium,0.9995
inwi,IT,Usage standard,Haut de gamme,4500,62.1,Élevé,1,Vérifier la pertinence budgétaire pour ce département,2,Haut de gamme,2,Haut de gamme,0.9895
Orange Maroc,Support,Usage intensif,Entrée de gamme,1200,18.1,Faible,0,Appareil conforme au besoin,0,Entrée de gamme,0,Entrée de gamme,0.9999
Orange Maroc,Finance,Usage intensif,Haut de gamme,4500,66.7,Élevé,1,Vérifier la pertinence budgétaire pour ce département,2,Haut de gamme,2,Haut de gamme,0.9399
Maroc Telecom,Commercial,Usage basique,Haut de gamme,4500,64.9,Élevé,1,Vérifier la pertinence budgétaire pour ce département,2,Haut de gamme,2,Haut de gamme,0.9742
Maroc Telecom,Finance,Usage standard,Entrée de gamme,1200,19.3,Faible,0,Appareil conforme au besoin,0,Entrée de gamme,0,Entrée de gamme,0.9988
Maroc Telecom,IT,Usage standard,Entrée de gamme,1200,23.4,Faible,0,Appareil conforme au besoin,0,Entrée de gamme,0,Entrée de gamme,0.999
Maroc Telecom,Commercial,Usage basique,Milieu de gamme,2500,42.7,Moyen,0,Appareil conforme au besoin,1,Milieu de gamme,1,Milieu de gamme,0.9623
Maroc Telecom,IT,Usage intensif,Premium,7000,97.4,Critique,1,Appareil coûteux : réserver aux profils premium,3,Premium,3,Premium,0.9999
Maroc Telecom,Support,Usage premium,Entrée de gamme,1200,22.9,Faible,0,Appareil conforme au besoin,0,Entrée de gamme,0,Entrée de gamme,0.9993
Maroc Telecom,Finance,Usage standard,Milieu de gamme,2500,41.3,Moyen,0,Appareil conforme au besoin,1,Milieu de gamme,1,Milieu de gamme,0.9903
Maroc Telecom,IT,Usage intensif,Milieu de gamme,2500,37.0,Faible,0,Appareil conforme au besoin,1,Milieu de gamme,1,Milieu de gamme,0.9962
Orange Maroc,Commercial,Usage premium,Haut de gamme,4500,68.0,Élevé,1,Vérifier la pertinence budgétaire pour ce département,2,Haut de gamme,2,Haut de gamme,0.9936
Maroc Telecom,IT,Usage intensif,Haut de gamme,4500,65.1,Élevé,1,Vérifier la pertinence budgétaire pour ce département,2,Haut de gamme,2,Haut de gamme,0.9845
Maroc Telecom,Finance,Usage basique,Entrée de gamme,1200,22.4,Faible,0,Appareil conforme au besoin,0,Entrée de gamme,0,Entrée de gamme,0.9816
Orange Maroc,Support,Usage premium,Haut de gamme,4500,69.9,Élevé,1,Vérifier la pertinence budgétaire pour ce département,2,Haut de gamme,2,Haut de gamme,0.9657
Orange Maroc,IT,Usage standard,Haut de gamme,4500,62.3,Élevé,1,Vérifier la pertinence budgétaire pour ce département,2,Haut de gamme,2,Haut de gamme,0.9653
Maroc Telecom,Support,Usage standard,Entrée de gamme,1200,22.9,Faible,0,Appareil conforme au besoin,0,Entrée de gamme,0,Entrée de gamme,0.9993
inwi,IT,Usage basique,Milieu de gamme,2500,41.8,Moyen,0,Appareil conforme au besoin,1,Milieu de gamme,1,Milieu de gamme,0.9914
Orange Maroc,Finance,Usage standard,Premium,7000,94.6,Critique,1,Appareil coûteux : réserver aux profils premium,3,Premium,3,Premium,0.9794
Maroc Telecom,Support,Usage basique,Entrée de gamme,1200,21.3,Faible,0,Appareil conforme au besoin,0,Entrée de gamme,0,Entrée de gamme,0.9703
inwi,Finance,Usage basique,Haut de gamme,4500,65.7,Élevé,1,Vérifier la pertinence budgétaire pour ce département,2,Haut de gamme,2,Haut de gamme,0.9855
inwi,IT,Usage standard,Haut de gamme,4500,65.1,Élevé,1,Vérifier la pertinence budgétaire pour ce département,2,Haut de gamme,2,Haut de gamme,0.9941
Maroc Telecom,RH,Usage intensif,Premium,7000,96.1,Critique,1,Appareil coûteux : réserver aux profils premium,3,Premium,3,Premium,0.9986
Maroc Telecom,Finance,Usage premium,Milieu de gamme,2500,38.2,Faible,0,Appareil conforme au besoin,1,Milieu de gamme,1,Milieu de gamme,0.9897
inwi,Support,Usage standard,Premium,7000,92.6,Critique,1,Appareil coûteux : réserver aux profils premium,3,Premium,3,Premium,0.9971
Orange Maroc,Finance,Usage premium,Haut de gamme,4500,64.5,Élevé,1,Vérifier la pertinence budgétaire pour ce département,2,Haut de gamme,2,Haut de gamme,0.9696
Maroc Telecom,Support,Usage premium,Haut de gamme,4500,65.0,Élevé,1,Vérifier la pertinence budgétaire pour ce département,2,Haut de gamme,2,Haut de gamme,0.9935
Maroc Telecom,Support,Usage intensif,Milieu de gamme,2500,37.7,Faible,0,Appareil conforme au besoin,1,Milieu de gamme,1,Milieu de gamme,0.966
Maroc Telecom,RH,Usage basique,Haut de gamme,4500,64.5,Élevé,1,Vérifier la pertinence budgétaire pour ce département,2,Haut de gamme,2,Haut de gamme,0.9985
Orange Maroc,Direction,Usage intensif,Haut de gamme,4500,60.1,Élevé,1,Vérifier la pertinence budgétaire pour ce département,2,Haut de gamme,2,Haut de gamme,0.9906
Orange Maroc,RH,Usage premium,Milieu de gamme,2500,41.6,Moyen,0,Appareil conforme au besoin,1,Milieu de gamme,1,Milieu de gamme,0.9955
Maroc Telecom,Direction,Usage intensif,Milieu de gamme,2500,39.2,Faible,0,Appareil conforme au besoin,1,Milieu de gamme,1,Milieu de gamme,0.8903
Orange Maroc,IT,Usage standard,Entrée de gamme,1200,23.1,Faible,0,Appareil conforme au besoin,0,Entrée de gamme,0,Entrée de gamme,0.9966
Orange Maroc,Commercial,Usage standard,Milieu de gamme,2500,37.8,Faible,0,Appareil conforme au besoin,1,Milieu de gamme,1,Milieu de gamme,0.9966
Maroc Telecom,Commercial,Usage intensif,Entrée de gamme,1200,24.2,Faible,0,Appareil conforme au besoin,0,Entrée de gamme,0,Entrée de gamme,0.9899
Maroc Telecom,RH,Usage standard,Milieu de gamme,2500,37.8,Faible,0,Appareil conforme au besoin,1,Milieu de gamme,1,Milieu de gamme,0.9678
Orange Maroc,Commercial,Usage basique,Entrée de gamme,1200,24.2,Faible,0,Appareil conforme au besoin,0,Entrée de gamme,0,Entrée de gamme,0.9683
inwi,Support,Usage standard,Premium,7000,94.4,Critique,1,Appareil coûteux : réserver aux profils premium,3,Premium,3,Premium,0.9997
Orange Maroc,IT,Usage intensif,Milieu de gamme,2500,40.3,Moyen,0,Appareil conforme au besoin,1,Milieu de gamme,1,Milieu de gamme,0.9983
Orange Maroc,IT,Usage premium,Milieu de gamme,2500,40.0,Moyen,0,Appareil conforme au besoin,1,Milieu de gamme,1,Milieu de gamme,0.9915
Maroc Telecom,Support,Usage basique,Premium,7000,92.7,Critique,1,Appareil coûteux : réserver aux profils premium,3,Premium,3,Premium,0.9995
Maroc Telecom,Commercial,Usage premium,Milieu de gamme,2500,37.3,Faible,0,Appareil conforme au besoin,1,Milieu de gamme,1,Milieu de gamme,0.994
Orange Maroc,Direction,Usage standard,Premium,7000,91.2,Critique,1,Appareil coûteux : réserver aux profils premium,3,Premium,3,Premium,0.9965
Maroc Telecom,Support,Usage intensif,Haut de gamme,4500,67.2,Élevé,1,Vérifier la pertinence budgétaire pour ce département,2,Haut de gamme,2,Haut de gamme,0.928
Maroc Telecom,Direction,Usage intensif,Milieu de gamme,2500,36.9,Faible,0,Appareil conforme au besoin,1,Milieu de gamme,1,Milieu de gamme,0.9919
Maroc Telecom,Support,Usage intensif,Milieu de gamme,2500,37.7,Faible,0,Appareil conforme au besoin,1,Milieu de gamme,1,Milieu de gamme,0.9796
Maroc Telecom,Finance,Usage premium,Entrée de gamme,1200,23.3,Faible,0,Appareil conforme au besoin,0,Entrée de gamme,0,Entrée de gamme,0.9604
Maroc Telecom,IT,Usage standard,Haut de gamme,4500,61.8,Élevé,1,Vérifier la pertinence budgétaire pour ce département,2,Haut de gamme,2,Haut de gamme,0.9924
Maroc Telecom,Support,Usage premium,Entrée de gamme,1200,22.1,Faible,0,Appareil conforme au besoin,0,Entrée de gamme,0,Entrée de gamme,0.9994
Maroc Telecom,Commercial,Usage basique,Haut de gamme,4500,62.7,Élevé,1,Vérifier la pertinence budgétaire pour ce département,2,Haut de gamme,2,Haut de gamme,0.9956
Maroc Telecom,IT,Usage intensif,Entrée de gamme,1200,23.2,Faible,0,Appareil conforme au besoin,0,Entrée de gamme,0,Entrée de gamme,0.9989
inwi,RH,Usage intensif,Haut de gamme,4500,65.7,Élevé,1,Vérifier la pertinence budgétaire pour ce département,2,Haut de gamme,2,Haut de gamme,0.9874
Orange Maroc,Direction,Usage intensif,Entrée de gamme,1200,19.4,Faible,0,Appareil conforme au besoin,0,Entrée de gamme,0,Entrée de gamme,0.9993
Orange Maroc,Commercial,Usage standard,Milieu de gamme,2500,43.3,Moyen,0,Appareil conforme au besoin,1,Milieu de gamme,1,Milieu de gamme,0.9745
inwi,RH,Usage premium,Premium,7000,93.8,Critique,1,Appareil coûteux : réserver aux profils premium,3,Premium,3,Premium,0.993
Orange Maroc,Commercial,Usage basique,Milieu de gamme,2500,38.4,Faible,0,Appareil conforme au besoin,1,Milieu de gamme,1,Milieu de gamme,0.5917
Maroc Telecom,Finance,Usage basique,Haut de gamme,4500,68.0,Élevé,1,Vérifier la pertinence budgétaire pour ce département,2,Haut de gamme,3,Premium,0.5662
Orange Maroc,RH,Usage intensif,Haut de gamme,4500,64.7,Élevé,1,Vérifier la pertinence budgétaire pour ce département,2,Haut de gamme,2,Haut de gamme,0.9978
Orange Maroc,RH,Usage standard,Entrée de gamme,1200,23.4,Faible,0,Appareil conforme au besoin,0,Entrée de gamme,0,Entrée de gamme,0.9927
Orange Maroc,IT,Usage intensif,Milieu de gamme,2500,40.9,Moyen,0,Appareil conforme au besoin,1,Milieu de gamme,1,Milieu de gamme,0.9697
Maroc Telecom,Support,Usage standard,Entrée de gamme,1200,21.6,Faible,0,Appareil conforme au besoin,0,Entrée de gamme,0,Entrée de gamme,0.995
Maroc Telecom,RH,Usage basique,Premium,7000,98.1,Critique,1,Appareil coûteux : réserver aux profils premium,3,Premium,3,Premium,0.9997
Maroc Telecom,Support,Usage intensif,Haut de gamme,4500,61.4,Élevé,1,Vérifier la pertinence budgétaire pour ce département,2,Haut de gamme,2,Haut de gamme,0.9686
Maroc Telecom,Support,Usage standard,Milieu de gamme,2500,42.0,Moyen,0,Appareil conforme au besoin,1,Milieu de gamme,1,Milieu de gamme,0.9936
Orange Maroc,Finance,Usage basique,Premium,7000,98.7,Critique,1,Appareil coûteux : réserver aux profils premium,3,Premium,3,Premium,0.9995
Orange Maroc,Commercial,Usage intensif,Haut de gamme,4500,62.7,Élevé,1,Vérifier la pertinence budgétaire pour ce département,2,Haut de gamme,2,Haut de gamme,0.9583
Maroc Telecom,Commercial,Usage standard,Entrée de gamme,1200,19.6,Faible,0,Appareil conforme au besoin,0,Entrée de gamme,0,Entrée de gamme,0.9989
inwi,Support,Usage intensif,Entrée de gamme,1200,22.9,Faible,0,Appareil conforme au besoin,0,Entrée de gamme,0,Entrée de gamme,0.9341
Orange Maroc,Finance,Usage standard,Milieu de gamme,2500,35.7,Faible,0,Appareil conforme au besoin,1,Milieu de gamme,0,Entrée de gamme,0.5715
Maroc Telecom,Commercial,Usage intensif,Haut de gamme,4500,60.7,Élevé,1,Vérifier la pertinence budgétaire pour ce département,2,Haut de gamme,2,Haut de gamme,0.9812
Maroc Telecom,Commercial,Usage intensif,Entrée de gamme,1200,22.2,Faible,0,Appareil conforme au besoin,0,Entrée de gamme,0,Entrée de gamme,0.9948
Maroc Telecom,Finance,Usage intensif,Entrée de gamme,1200,24.2,Faible,0,Appareil conforme au besoin,0,Entrée de gamme,0,Entrée de gamme,0.9884
Maroc Telecom,IT,Usage basique,Entrée de gamme,1200,20.2,Faible,0,Appareil conforme au besoin,0,Entrée de gamme,0,Entrée de gamme,0.9947
Maroc Telecom,Commercial,Usage intensif,Haut de gamme,4500,65.0,Élevé,1,Vérifier la pertinence budgétaire pour ce département,2,Haut de gamme,2,Haut de gamme,0.9785
Maroc Telecom,Support,Usage intensif,Premium,7000,97.3,Critique,1,Appareil coûteux : réserver aux profils premium,3,Premium,3,Premium,0.9998
Maroc Telecom,Finance,Usage intensif,Milieu de gamme,2500,37.9,Faible,0,Appareil conforme au besoin,1,Milieu de gamme,1,Milieu de gamme,0.9938
Maroc Telecom,Commercial,Usage standard,Haut de gamme,4500,61.9,Élevé,1,Vérifier la pertinence budgétaire pour ce département,2,Haut de gamme,2,Haut de gamme,0.985
inwi,RH,Usage premium,Milieu de gamme,2500,40.5,Moyen,0,Appareil conforme au besoin,1,Milieu de gamme,1,Milieu de gamme,0.9861
Maroc Telecom,Support,Usage intensif,Entrée de gamme,1200,24.2,Faible,0,Appareil conforme au besoin,0,Entrée de gamme,0,Entrée de gamme,0.9868
Orange Maroc,Finance,Usage basique,Entrée de gamme,1200,22.7,Faible,0,Appareil conforme au besoin,0,Entrée de gamme,0,Entrée de gamme,0.9954
Maroc Telecom,Support,Usage standard,Entrée de gamme,1200,22.0,Faible,0,Appareil conforme au besoin,0,Entrée de gamme,0,Entrée de gamme,0.9996
inwi,Finance,Usage premium,Haut de gamme,4500,65.2,Élevé,1,Vérifier la pertinence budgétaire pour ce département,2,Haut de gamme,2,Haut de gamme,0.9419
Maroc Telecom,RH,Usage basique,Premium,7000,94.1,Critique,1,Appareil coûteux : réserver aux profils premium,3,Premium,3,Premium,0.9999
Maroc Telecom,IT,Usage premium,Haut de gamme,4500,64.9,Élevé,1,Vérifier la pertinence budgétaire pour ce département,2,Haut de gamme,2,Haut de gamme,0.9948
inwi,IT,Usage intensif,Premium,7000,96.6,Critique,1,Appareil coûteux : réserver aux profils premium,3,Premium,3,Premium,0.9998
inwi,Commercial,Usage intensif,Entrée de gamme,1200,24.1,Faible,0,Appareil conforme au besoin,0,Entrée de gamme,0,Entrée de gamme,0.954
inwi,Finance,Usage standard,Premium,7000,91.2,Critique,1,Appareil coûteux : réserver aux profils premium,3,Premium,3,Premium,0.9974
Maroc Telecom,Support,Usage basique,Haut de gamme,4500,65.0,Élevé,1,Vérifier la pertinence budgétaire pour ce département,2,Haut de gamme,2,Haut de gamme,0.9714
Maroc Telecom,IT,Usage premium,Milieu de gamme,2500,39.2,Faible,0,Appareil conforme au besoin,1,Milieu de gamme,1,Milieu de gamme,0.9983
Orange Maroc,RH,Usage standard,Haut de gamme,4500,65.6,Élevé,1,Vérifier la pertinence budgétaire pour ce département,2,Haut de gamme,2,Haut de gamme,0.988
inwi,RH,Usage intensif,Milieu de gamme,2500,40.6,Moyen,0,Appareil conforme au besoin,1,Milieu de gamme,1,Milieu de gamme,0.9555
Orange Maroc,IT,Usage standard,Entrée de gamme,1200,23.8,Faible,0,Appareil conforme au besoin,0,Entrée de gamme,0,Entrée de gamme,0.9382
Orange Maroc,IT,Usage basique,Haut de gamme,4500,63.0,Élevé,1,Vérifier la pertinence budgétaire pour ce département,2,Haut de gamme,2,Haut de gamme,0.9626
Maroc Telecom,RH,Usage basique,Entrée de gamme,1200,21.6,Faible,0,Appareil conforme au besoin,0,Entrée de gamme,0,Entrée de gamme,0.9897
inwi,Commercial,Usage standard,Entrée de gamme,1200,21.7,Faible,0,Appareil conforme au besoin,0,Entrée de gamme,0,Entrée de gamme,0.9997
Maroc Telecom,RH,Usage premium,Milieu de gamme,2500,36.1,Faible,0,Appareil conforme au besoin,1,Milieu de gamme,1,Milieu de gamme,0.8565
Maroc Telecom,Commercial,Usage standard,Premium,7000,93.9,Critique,1,Appareil coûteux : réserver aux profils premium,3,Premium,3,Premium,0.9974
Maroc Telecom,Commercial,Usage standard,Entrée de gamme,1200,20.9,Faible,0,Appareil conforme au besoin,0,Entrée de gamme,0,Entrée de gamme,0.9863
Orange Maroc,IT,Usage standard,Premium,7000,91.5,Critique,1,Appareil coûteux : réserver aux profils premium,3,Premium,3,Premium,0.9227
Maroc Telecom,Commercial,Usage standard,Milieu de gamme,2500,41.9,Moyen,0,Appareil conforme au besoin,1,Milieu de gamme,1,Milieu de gamme,0.9702
Maroc Telecom,Direction,Usage standard,Milieu de gamme,2500,38.1,Faible,0,Appareil conforme au besoin,1,Milieu de gamme,1,Milieu de gamme,0.9825
Orange Maroc,Commercial,Usage premium,Milieu de gamme,2500,38.6,Faible,0,Appareil conforme au besoin,1,Milieu de gamme,1,Milieu de gamme,0.992
Maroc Telecom,Commercial,Usage standard,Premium,7000,96.3,Critique,1,Appareil coûteux : réserver aux profils premium,3,Premium,3,Premium,0.9982
Orange Maroc,Finance,Usage standard,Haut de gamme,4500,64.4,Élevé,1,Vérifier la pertinence budgétaire pour ce département,2,Haut de gamme,2,Haut de gamme,0.9941
Maroc Telecom,Support,Usage basique,Haut de gamme,4500,66.2,Élevé,1,Vérifier la pertinence budgétaire pour ce département,2,Haut de gamme,2,Haut de gamme,0.9337
Orange Maroc,Support,Usage premium,Entrée de gamme,1200,24.0,Faible,0,Appareil conforme au besoin,0,Entrée de gamme,0,Entrée de gamme,0.9686
Orange Maroc,Commercial,Usage basique,Entrée de gamme,1200,18.1,Faible,0,Appareil conforme au besoin,0,Entrée de gamme,0,Entrée de gamme,0.9994
Maroc Telecom,Direction,Usage basique,Premium,7000,94.7,Critique,1,Appareil coûteux : réserver aux profils premium,3,Premium,3,Premium,0.9914
Maroc Telecom,IT,Usage intensif,Entrée de gamme,1200,18.4,Faible,0,Appareil conforme au besoin,0,Entrée de gamme,0,Entrée de gamme,0.9996
Maroc Telecom,IT,Usage standard,Premium,7000,96.5,Critique,1,Appareil coûteux : réserver aux profils premium,3,Premium,3,Premium,0.9996
Maroc Telecom,Support,Usage standard,Premium,7000,93.8,Critique,1,Appareil coûteux : réserver aux profils premium,3,Premium,3,Premium,0.9994
inwi,Support,Usage standard,Haut de gamme,4500,64.8,Élevé,1,Vérifier la pertinence budgétaire pour ce département,2,Haut de gamme,3,Premium,0.8008
Maroc Telecom,IT,Usage intensif,Premium,7000,96.1,Critique,1,Appareil coûteux : réserver aux profils premium,3,Premium,3,Premium,0.9993
inwi,Finance,Usage basique,Premium,7000,96.5,Critique,1,Appareil coûteux : réserver aux profils premium,3,Premium,3,Premium,0.9999
Maroc Telecom,IT,Usage intensif,Premium,7000,93.5,Critique,1,Appareil coûteux : réserver aux profils premium,3,Premium,3,Premium,0.9998
Orange Maroc,Finance,Usage intensif,Entrée de gamme,1200,21.9,Faible,0,Appareil conforme au besoin,0,Entrée de gamme,0,Entrée de gamme,0.998
inwi,Support,Usage standard,Haut de gamme,4500,64.2,Élevé,1,Vérifier la pertinence budgétaire pour ce département,2,Haut de gamme,2,Haut de gamme,0.9947
Orange Maroc,Commercial,Usage standard,Milieu de gamme,2500,39.8,Faible,0,Appareil conforme au besoin,1,Milieu de gamme,1,Milieu de gamme,0.9893
Orange Maroc,RH,Usage standard,Haut de gamme,4500,65.5,Élevé,1,Vérifier la pertinence budgétaire pour ce département,2,Haut de gamme,2,Haut de gamme,0.9958
Maroc Telecom,RH,Usage intensif,Entrée de gamme,1200,23.7,Faible,0,Appareil conforme au besoin,0,Entrée de gamme,0,Entrée de gamme,0.9694
Maroc Telecom,IT,Usage standard,Premium,7000,90.4,Critique,1,Appareil coûteux : réserver aux profils premium,3,Premium,3,Premium,0.5015
inwi,Finance,Usage standard,Milieu de gamme,2500,39.3,Faible,0,Appareil conforme au besoin,1,Milieu de gamme,1,Milieu de gamme,0.9973
inwi,Commercial,Usage standard,Entrée de gamme,1200,18.9,Faible,0,Appareil conforme au besoin,0,Entrée de gamme,0,Entrée de gamme,0.9989
inwi,Direction,Usage premium,Milieu de gamme,2500,38.9,Faible,0,Appareil conforme au besoin,1,Milieu de gamme,1,Milieu de gamme,0.9925
Maroc Telecom,Support,Usage standard,Premium,7000,91.8,Critique,1,Appareil coûteux : réserver aux profils premium,3,Premium,3,Premium,0.9991
Orange Maroc,IT,Usage premium,Milieu de gamme,2500,39.4,Faible,0,Appareil conforme au besoin,1,Milieu de gamme,1,Milieu de gamme,0.9958
inwi,Support,Usage standard,Premium,7000,91.0,Critique,1,Appareil coûteux : réserver aux profils premium,3,Premium,3,Premium,0.954
Maroc Telecom,Support,Usage basique,Premium,7000,92.9,Critique,1,Appareil coûteux : réserver aux profils premium,3,Premium,3,Premium,0.9988
Maroc Telecom,Support,Usage basique,Milieu de gamme,2500,39.8,Faible,0,Appareil conforme au besoin,1,Milieu de gamme,1,Milieu de gamme,0.9763
Orange Maroc,Commercial,Usage standard,Entrée de gamme,1200,23.3,Faible,0,Appareil conforme au besoin,0,Entrée de gamme,0,Entrée de gamme,0.9964
Orange Maroc,RH,Usage basique,Milieu de gamme,2500,41.6,Moyen,0,Appareil conforme au besoin,1,Milieu de gamme,2,Haut de gamme,0.6182
inwi,Finance,Usage basique,Milieu de gamme,2500,41.8,Moyen,0,Appareil conforme au besoin,1,Milieu de gamme,1,Milieu de gamme,0.9941
Maroc Telecom,IT,Usage premium,Haut de gamme,4500,65.5,Élevé,1,Vérifier la pertinence budgétaire pour ce département,2,Haut de gamme,2,Haut de gamme,0.9859
inwi,Finance,Usage intensif,Milieu de gamme,2500,39.0,Faible,0,Appareil conforme au besoin,1,Milieu de gamme,1,Milieu de gamme,0.9863
Maroc Telecom,Finance,Usage intensif,Premium,7000,94.8,Critique,1,Appareil coûteux : réserver aux profils premium,3,Premium,3,Premium,0.9693
Maroc Telecom,Commercial,Usage basique,Premium,7000,91.7,Critique,1,Appareil coûteux : réserver aux profils premium,3,Premium,3,Premium,0.9966
Maroc Telecom,Support,Usage basique,Entrée de gamme,1200,19.4,Faible,0,Appareil conforme au besoin,0,Entrée de gamme,0,Entrée de gamme,0.9998
inwi,Commercial,Usage basique,Haut de gamme,4500,63.6,Élevé,1,Vérifier la pertinence budgétaire pour ce département,2,Haut de gamme,2,Haut de gamme,0.9723
Orange Maroc,IT,Usage intensif,Entrée de gamme,1200,21.4,Faible,0,Appareil conforme au besoin,0,Entrée de gamme,0,Entrée de gamme,0.9857
Orange Maroc,Direction,Usage premium,Premium,7000,87.6,Critique,1,Appareil coûteux : réserver aux profils premium,3,Premium,2,Haut de gamme,0.8744
Maroc Telecom,Direction,Usage standard,Haut de gamme,4500,62.8,Élevé,1,Vérifier la pertinence budgétaire pour ce département,2,Haut de gamme,2,Haut de gamme,0.9792
inwi,Support,Usage basique,Entrée de gamme,1200,19.7,Faible,0,Appareil conforme au besoin,0,Entrée de gamme,0,Entrée de gamme,0.9991
Maroc Telecom,Direction,Usage standard,Entrée de gamme,1200,16.0,Faible,0,Appareil conforme au besoin,0,Entrée de gamme,0,Entrée de gamme,0.9998
inwi,Commercial,Usage standard,Haut de gamme,4500,63.2,Élevé,1,Vérifier la pertinence budgétaire pour ce département,2,Haut de gamme,2,Haut de gamme,0.9959
Maroc Telecom,Direction,Usage standard,Milieu de gamme,2500,43.0,Moyen,0,Appareil conforme au besoin,1,Milieu de gamme,1,Milieu de gamme,0.9726
Maroc Telecom,IT,Usage intensif,Haut de gamme,4500,64.4,Élevé,1,Vérifier la pertinence budgétaire pour ce département,2,Haut de gamme,2,Haut de gamme,0.9978
Orange Maroc,RH,Usage intensif,Premium,7000,93.9,Critique,1,Appareil coûteux : réserver aux profils premium,3,Premium,3,Premium,0.9995
Maroc Telecom,Finance,Usage basique,Premium,7000,94.2,Critique,1,Appareil coûteux : réserver aux profils premium,3,Premium,3,Premium,0.9984
Orange Maroc,Finance,Usage basique,Haut de gamme,4500,67.0,Élevé,1,Vérifier la pertinence budgétaire pour ce département,2,Haut de gamme,2,Haut de gamme,0.9952
Orange Maroc,IT,Usage premium,Milieu de gamme,2500,42.0,Moyen,0,Appareil conforme au besoin,1,Milieu de gamme,1,Milieu de gamme,0.9803
Maroc Telecom,Commercial,Usage basique,Haut de gamme,4500,65.9,Élevé,1,Vérifier la pertinence budgétaire pour ce département,2,Haut de gamme,2,Haut de gamme,0.9935
inwi,Support,Usage basique,Haut de gamme,4500,66.4,Élevé,1,Vérifier la pertinence budgétaire pour ce département,2,Haut de gamme,2,Haut de gamme,0.9747
Maroc Telecom,Commercial,Usage basique,Premium,7000,97.5,Critique,1,Appareil coûteux : réserver aux profils premium,3,Premium,3,Premium,0.9991
Orange Maroc,IT,Usage basique,Milieu de gamme,2500,39.2,Faible,0,Appareil conforme au besoin,1,Milieu de gamme,1,Milieu de gamme,0.9965
inwi,Support,Usage standard,Haut de gamme,4500,63.8,Élevé,1,Vérifier la pertinence budgétaire pour ce département,2,Haut de gamme,2,Haut de gamme,0.997
Orange Maroc,Commercial,Usage intensif,Premium,7000,92.6,Critique,1,Appareil coûteux : réserver aux profils premium,3,Premium,3,Premium,0.999
Maroc Telecom,RH,Usage standard,Premium,7000,95.4,Critique,1,Appareil coûteux : réserver aux profils premium,3,Premium,3,Premium,0.9987
inwi,Commercial,Usage standard,Milieu de gamme,2500,36.8,Faible,0,Appareil conforme au besoin,1,Milieu de gamme,0,Entrée de gamme,0.7677
Orange Maroc,Finance,Usage intensif,Milieu de gamme,2500,38.5,Faible,0,Appareil conforme au besoin,1,Milieu de gamme,1,Milieu de gamme,0.9714
Maroc Telecom,RH,Usage standard,Haut de gamme,4500,66.2,Élevé,1,Vérifier la pertinence budgétaire pour ce département,2,Haut de gamme,2,Haut de gamme,0.9975
Maroc Telecom,Direction,Usage premium,Milieu de gamme,2500,37.0,Faible,0,Appareil conforme au besoin,1,Milieu de gamme,1,Milieu de gamme,0.979
inwi,Finance,Usage premium,Haut de gamme,4500,65.3,Élevé,1,Vérifier la pertinence budgétaire pour ce département,2,Haut de gamme,2,Haut de gamme,0.9824
Orange Maroc,Commercial,Usage basique,Entrée de gamme,1200,17.8,Faible,0,Appareil conforme au besoin,0,Entrée de gamme,0,Entrée de gamme,0.9998
Orange Maroc,Support,Usage intensif,Haut de gamme,4500,66.6,Élevé,1,Vérifier la pertinence budgétaire pour ce département,2,Haut de gamme,2,Haut de gamme,0.9553
inwi,Support,Usage standard,Entrée de gamme,1200,20.4,Faible,0,Appareil conforme au besoin,0,Entrée de gamme,0,Entrée de gamme,0.9997
inwi,IT,Usage premium,Premium,7000,89.5,Critique,1,Appareil coûteux : réserver aux profils premium,3,Premium,3,Premium,0.9665
Maroc Telecom,IT,Usage standard,Entrée de gamme,1200,21.7,Faible,0,Appareil conforme au besoin,0,Entrée de gamme,0,Entrée de gamme,0.9996
Maroc Telecom,IT,Usage premium,Entrée de gamme,1200,16.8,Faible,0,Appareil conforme au besoin,0,Entrée de gamme,0,Entrée de gamme,0.9995
Maroc Telecom,Commercial,Usage intensif,Entrée de gamme,1200,20.3,Faible,0,Appareil conforme au besoin,0,Entrée de gamme,0,Entrée de gamme,0.9965
Orange Maroc,RH,Usage basique,Premium,7000,95.7,Critique,1,Appareil coûteux : réserver aux profils premium,3,Premium,3,Premium,0.9997
Maroc Telecom,IT,Usage standard,Premium,7000,96.5,Critique,1,Appareil coûteux : réserver aux profils premium,3,Premium,3,Premium,0.9998
Orange Maroc,Direction,Usage premium,Entrée de gamme,1200,22.7,Faible,0,Appareil conforme au besoin,0,Entrée de gamme,0,Entrée de gamme,0.9762
inwi,Commercial,Usage premium,Haut de gamme,4500,65.9,Élevé,1,Vérifier la pertinence budgétaire pour ce département,2,Haut de gamme,2,Haut de gamme,0.9884
inwi,Finance,Usage basique,Haut de gamme,4500,64.1,Élevé,1,Vérifier la pertinence budgétaire pour ce département,2,Haut de gamme,2,Haut de gamme,0.9835
Maroc Telecom,Commercial,Usage intensif,Premium,7000,94.5,Critique,1,Appareil coûteux : réserver aux profils premium,3,Premium,3,Premium,0.9999
inwi,Commercial,Usage standard,Milieu de gamme,2500,39.8,Faible,0,Appareil conforme au besoin,1,Milieu de gamme,1,Milieu de gamme,0.9701
Maroc Telecom,IT,Usage basique,Premium,7000,98.9,Critique,1,Appareil coûteux : réserver aux profils premium,3,Premium,3,Premium,0.9999
inwi,Finance,Usage standard,Entrée de gamme,1200,16.3,Faible,0,Appareil conforme au besoin,0,Entrée de gamme,0,Entrée de gamme,0.9974
Maroc Telecom,Support,Usage basique,Milieu de gamme,2500,35.5,Faible,0,Appareil conforme au besoin,1,Milieu de gamme,1,Milieu de gamme,0.8513
Maroc Telecom,Commercial,Usage intensif,Haut de gamme,4500,66.6,Élevé,1,Vérifier la pertinence budgétaire pour ce département,2,Haut de gamme,2,Haut de gamme,0.9778
inwi,Commercial,Usage standard,Entrée de gamme,1200,18.9,Faible,0,Appareil conforme au besoin,0,Entrée de gamme,0,Entrée de gamme,0.9999
Maroc Telecom,RH,Usage intensif,Entrée de gamme,1200,20.8,Faible,0,Appareil conforme au besoin,0,Entrée de gamme,0,Entrée de gamme,0.9993
Maroc Telecom,IT,Usage basique,Entrée de gamme,1200,24.5,Faible,0,Appareil conforme au besoin,0,Entrée de gamme,0,Entrée de gamme,0.9745
Orange Maroc,IT,Usage standard,Premium,7000,92.8,Critique,1,Appareil coûteux : réserver aux profils premium,3,Premium,3,Premium,0.8207
Orange Maroc,RH,Usage basique,Haut de gamme,4500,62.0,Élevé,1,Vérifier la pertinence budgétaire pour ce département,2,Haut de gamme,2,Haut de gamme,0.9802
Orange Maroc,Finance,Usage basique,Entrée de gamme,1200,21.6,Faible,0,Appareil conforme au besoin,0,Entrée de gamme,0,Entrée de gamme,0.9974
Orange Maroc,IT,Usage basique,Haut de gamme,4500,64.4,Élevé,1,Vérifier la pertinence budgétaire pour ce département,2,Haut de gamme,2,Haut de gamme,0.9975
Orange Maroc,Support,Usage basique,Haut de gamme,4500,64.3,Élevé,1,Vérifier la pertinence budgétaire pour ce département,2,Haut de gamme,2,Haut de gamme,0.9922
Maroc Telecom,Direction,Usage standard,Milieu de gamme,2500,43.5,Moyen,0,Appareil conforme au besoin,1,Milieu de gamme,1,Milieu de gamme,0.9249
Maroc Telecom,Support,Usage standard,Entrée de gamme,1200,22.2,Faible,0,Appareil conforme au besoin,0,Entrée de gamme,0,Entrée de gamme,0.9972
Maroc Telecom,Support,Usage standard,Haut de gamme,4500,65.3,Élevé,1,Vérifier la pertinence budgétaire pour ce département,2,Haut de gamme,2,Haut de gamme,0.9982
inwi,Finance,Usage standard,Entrée de gamme,1200,21.1,Faible,0,Appareil conforme au besoin,0,Entrée de gamme,0,Entrée de gamme,0.9985
Orange Maroc,Direction,Usage premium,Premium,7000,93.5,Critique,1,Appareil coûteux : réserver aux profils premium,3,Premium,3,Premium,0.9855
Maroc Telecom,Finance,Usage premium,Premium,7000,98.8,Critique,1,Appareil coûteux : réserver aux profils premium,3,Premium,3,Premium,0.9965
Orange Maroc,Direction,Usage standard,Haut de gamme,4500,65.0,Élevé,1,Vérifier la pertinence budgétaire pour ce département,2,Haut de gamme,2,Haut de gamme,0.9964
inwi,Direction,Usage standard,Premium,7000,97.7,Critique,1,Appareil coûteux : réserver aux profils premium,3,Premium,3,Premium,0.9998
Maroc Telecom,Support,Usage basique,Entrée de gamme,1200,18.4,Faible,0,Appareil conforme au besoin,0,Entrée de gamme,0,Entrée de gamme,0.9998
Orange Maroc,Direction,Usage premium,Premium,7000,93.8,Critique,1,Appareil coûteux : réserver aux profils premium,3,Premium,3,Premium,0.9907
Orange Maroc,Commercial,Usage basique,Haut de gamme,4500,65.9,Élevé,1,Vérifier la pertinence budgétaire pour ce département,2,Haut de gamme,2,Haut de gamme,0.9937
Orange Maroc,Finance,Usage standard,Premium,7000,95.9,Critique,1,Appareil coûteux : réserver aux profils premium,3,Premium,3,Premium,0.9997
Maroc Telecom,RH,Usage standard,Haut de gamme,4500,65.2,Élevé,1,Vérifier la pertinence budgétaire pour ce département,2,Haut de gamme,2,Haut de gamme,0.9838
inwi,Commercial,Usage standard,Haut de gamme,4500,59.8,Moyen,0,Appareil conforme au besoin,2,Haut de gamme,2,Haut de gamme,0.9606
inwi,IT,Usage basique,Milieu de gamme,2500,39.7,Faible,0,Appareil conforme au besoin,1,Milieu de gamme,1,Milieu de gamme,0.991
Orange Maroc,Commercial,Usage intensif,Entrée de gamme,1200,21.3,Faible,0,Appareil conforme au besoin,0,Entrée de gamme,0,Entrée de gamme,0.9996
Orange Maroc,Direction,Usage basique,Premium,7000,96.4,Critique,1,Appareil coûteux : réserver aux profils premium,3,Premium,3,Premium,0.9992
inwi,Finance,Usage intensif,Premium,7000,97.8,Critique,1,Appareil coûteux : réserver aux profils premium,3,Premium,3,Premium,0.9996
Orange Maroc,Support,Usage basique,Milieu de gamme,2500,41.2,Moyen,0,Appareil conforme au besoin,1,Milieu de gamme,1,Milieu de gamme,0.9942
Maroc Telecom,Direction,Usage basique,Entrée de gamme,1200,21.7,Faible,0,Appareil conforme au besoin,0,Entrée de gamme,0,Entrée de gamme,0.999
Orange Maroc,Direction,Usage premium,Entrée de gamme,1200,21.4,Faible,0,Appareil conforme au besoin,0,Entrée de gamme,0,Entrée de gamme,0.9938
Orange Maroc,Direction,Usage basique,Haut de gamme,4500,64.4,Élevé,1,Vérifier la pertinence budgétaire pour ce département,2,Haut de gamme,2,Haut de gamme,0.9981
Maroc Telecom,Commercial,Usage intensif,Milieu de gamme,2500,44.2,Moyen,0,Appareil conforme au besoin,1,Milieu de gamme,1,Milieu de gamme,0.9518
Orange Maroc,Direction,Usage standard,Haut de gamme,4500,59.9,Moyen,0,Appareil conforme au besoin,2,Haut de gamme,2,Haut de gamme,0.9395
inwi,Support,Usage basique,Premium,7000,96.3,Critique,1,Appareil coûteux : réserver aux profils premium,3,Premium,3,Premium,0.9999
inwi,IT,Usage premium,Premium,7000,96.3,Critique,1,Appareil coûteux : réserver aux profils premium,3,Premium,3,Premium,0.9953
Orange Maroc,Commercial,Usage basique,Premium,7000,99.1,Critique,1,Appareil coûteux : réserver aux profils premium,3,Premium,3,Premium,0.9997
Maroc Telecom,Support,Usage premium,Premium,7000,94.5,Critique,1,Appareil coûteux : réserver aux profils premium,3,Premium,3,Premium,0.996
inwi,Finance,Usage basique,Entrée de gamme,1200,17.6,Faible,0,Appareil conforme au besoin,0,Entrée de gamme,0,Entrée de gamme,0.9998
inwi,Commercial,Usage premium,Entrée de gamme,1200,22.5,Faible,0,Appareil conforme au besoin,0,Entrée de gamme,0,Entrée de gamme,0.9948
Maroc Telecom,Commercial,Usage basique,Entrée de gamme,1200,19.0,Faible,0,Appareil conforme au besoin,0,Entrée de gamme,0,Entrée de gamme,0.9993
inwi,IT,Usage standard,Milieu de gamme,2500,37.2,Faible,0,Appareil conforme au besoin,1,Milieu de gamme,1,Milieu de gamme,0.9906
inwi,Commercial,Usage intensif,Entrée de gamme,1200,20.4,Faible,0,Appareil conforme au besoin,0,Entrée de gamme,0,Entrée de gamme,0.9993
Orange Maroc,Support,Usage premium,Haut de gamme,4500,67.6,Élevé,1,Vérifier la pertinence budgétaire pour ce département,2,Haut de gamme,2,Haut de gamme,0.967
Orange Maroc,Commercial,Usage premium,Entrée de gamme,1200,18.1,Faible,0,Appareil conforme au besoin,0,Entrée de gamme,0,Entrée de gamme,0.9992
Maroc Telecom,IT,Usage intensif,Milieu de gamme,2500,37.9,Faible,0,Appareil conforme au besoin,1,Milieu de gamme,1,Milieu de gamme,0.9721
Maroc Telecom,IT,Usage premium,Haut de gamme,4500,66.1,Élevé,1,Vérifier la pertinence budgétaire pour ce département,2,Haut de gamme,2,Haut de gamme,0.9922
Maroc Telecom,RH,Usage basique,Entrée de gamme,1200,25.2,Faible,0,Appareil conforme au besoin,0,Entrée de gamme,0,Entrée de gamme,0.9624
inwi,Direction,Usage standard,Entrée de gamme,1200,22.1,Faible,0,Appareil conforme au besoin,0,Entrée de gamme,0,Entrée de gamme,0.998
Maroc Telecom,Finance,Usage standard,Premium,7000,98.1,Critique,1,Appareil coûteux : réserver aux profils premium,3,Premium,3,Premium,0.9998
Maroc Telecom,Commercial,Usage standard,Premium,7000,93.4,Critique,1,Appareil coûteux : réserver aux profils premium,3,Premium,3,Premium,0.9981
Maroc Telecom,Finance,Usage standard,Milieu de gamme,2500,39.7,Faible,0,Appareil conforme au besoin,1,Milieu de gamme,1,Milieu de gamme,0.9952
Orange Maroc,Finance,Usage standard,Premium,7000,90.5,Critique,1,Appareil coûteux : réserver aux profils premium,3,Premium,3,Premium,0.963
inwi,Support,Usage basique,Premium,7000,97.0,Critique,1,Appareil coûteux : réserver aux profils premium,3,Premium,3,Premium,0.9982
Maroc Telecom,Support,Usage intensif,Haut de gamme,4500,67.2,Élevé,1,Vérifier la pertinence budgétaire pour ce département,2,Haut de gamme,2,Haut de gamme,0.9937
Maroc Telecom,IT,Usage basique,Premium,7000,95.0,Critique,1,Appareil coûteux : réserver aux profils premium,3,Premium,3,Premium,0.9954
Orange Maroc,RH,Usage standard,Premium,7000,97.5,Critique,1,Appareil coûteux : réserver aux profils premium,3,Premium,3,Premium,0.9999
Orange Maroc,IT,Usage standard,Milieu de gamme,2500,39.9,Faible,0,Appareil conforme au besoin,1,Milieu de gamme,1,Milieu de gamme,0.9892
Maroc Telecom,Commercial,Usage intensif,Milieu de gamme,2500,40.8,Moyen,0,Appareil conforme au besoin,1,Milieu de gamme,1,Milieu de gamme,0.987
Orange Maroc,Commercial,Usage intensif,Premium,7000,92.7,Critique,1,Appareil coûteux : réserver aux profils premium,3,Premium,3,Premium,0.9735
Maroc Telecom,IT,Usage intensif,Entrée de gamme,1200,24.7,Faible,0,Appareil conforme au besoin,0,Entrée de gamme,0,Entrée de gamme,0.9958
Maroc Telecom,Finance,Usage basique,Premium,7000,91.6,Critique,1,Appareil coûteux : réserver aux profils premium,3,Premium,3,Premium,0.949
Orange Maroc,RH,Usage standard,Premium,7000,92.5,Critique,1,Appareil coûteux : réserver aux profils premium,3,Premium,3,Premium,0.9804
Maroc Telecom,Direction,Usage basique,Premium,7000,95.1,Critique,1,Appareil coûteux : réserver aux profils premium,3,Premium,3,Premium,0.9917
inwi,Direction,Usage standard,Premium,7000,92.8,Critique,1,Appareil coûteux : réserver aux profils premium,3,Premium,3,Premium,0.9979
Maroc Telecom,IT,Usage standard,Haut de gamme,4500,63.6,Élevé,1,Vérifier la pertinence budgétaire pour ce département,2,Haut de gamme,2,Haut de gamme,0.9905
Orange Maroc,Support,Usage basique,Haut de gamme,4500,63.7,Élevé,1,Vérifier la pertinence budgétaire pour ce département,2,Haut de gamme,2,Haut de gamme,0.9965
Orange Maroc,RH,Usage standard,Premium,7000,92.5,Critique,1,Appareil coûteux : réserver aux profils premium,3,Premium,3,Premium,0.9962
Maroc Telecom,RH,Usage premium,Haut de gamme,4500,64.8,Élevé,1,Vérifier la pertinence budgétaire pour ce département,2,Haut de gamme,2,Haut de gamme,0.9759
Orange Maroc,Support,Usage premium,Milieu de gamme,2500,40.1,Moyen,0,Appareil conforme au besoin,1,Milieu de gamme,1,Milieu de gamme,0.9732
Maroc Telecom,Direction,Usage standard,Premium,7000,92.5,Critique,1,Appareil coûteux : réserver aux profils premium,3,Premium,3,Premium,0.9974
inwi,Direction,Usage basique,Haut de gamme,4500,63.4,Élevé,1,Vérifier la pertinence budgétaire pour ce département,2,Haut de gamme,2,Haut de gamme,0.5247
Maroc Telecom,Commercial,Usage basique,Premium,7000,95.8,Critique,1,Appareil coûteux : réserver aux profils premium,3,Premium,3,Premium,0.9974
Maroc Telecom,RH,Usage standard,Entrée de gamme,1200,23.0,Faible,0,Appareil conforme au besoin,0,Entrée de gamme,0,Entrée de gamme,0.9922
Maroc Telecom,Support,Usage premium,Entrée de gamme,1200,23.3,Faible,0,Appareil conforme au besoin,0,Entrée de gamme,0,Entrée de gamme,0.9986
inwi,Finance,Usage basique,Premium,7000,95.3,Critique,1,Appareil coûteux : réserver aux profils premium,3,Premium,3,Premium,0.8225
Orange Maroc,Commercial,Usage intensif,Entrée de gamme,1200,19.7,Faible,0,Appareil conforme au besoin,0,Entrée de gamme,0,Entrée de gamme,0.9995
Orange Maroc,RH,Usage basique,Entrée de gamme,1200,20.6,Faible,0,Appareil conforme au besoin,0,Entrée de gamme,0,Entrée de gamme,0.9995
Maroc Telecom,Commercial,Usage premium,Premium,7000,91.6,Critique,1,Appareil coûteux : réserver aux profils premium,3,Premium,3,Premium,0.9969
Orange Maroc,Finance,Usage standard,Haut de gamme,4500,65.0,Élevé,1,Vérifier la pertinence budgétaire pour ce département,2,Haut de gamme,2,Haut de gamme,0.9917
Maroc Telecom,Finance,Usage intensif,Milieu de gamme,2500,38.8,Faible,0,Appareil conforme au besoin,1,Milieu de gamme,1,Milieu de gamme,0.9897
inwi,Direction,Usage standard,Entrée de gamme,1200,21.2,Faible,0,Appareil conforme au besoin,0,Entrée de gamme,0,Entrée de gamme,0.9993
Maroc Telecom,IT,Usage intensif,Haut de gamme,4500,60.4,Élevé,1,Vérifier la pertinence budgétaire pour ce département,2,Haut de gamme,2,Haut de gamme,0.9802
Maroc Telecom,Commercial,Usage basique,Milieu de gamme,2500,37.5,Faible,0,Appareil conforme au besoin,1,Milieu de gamme,1,Milieu de gamme,0.9938
Maroc Telecom,Finance,Usage basique,Haut de gamme,4500,65.9,Élevé,1,Vérifier la pertinence budgétaire pour ce département,2,Haut de gamme,2,Haut de gamme,0.9945
Orange Maroc,IT,Usage premium,Haut de gamme,4500,64.5,Élevé,1,Vérifier la pertinence budgétaire pour ce département,2,Haut de gamme,2,Haut de gamme,0.9881
Orange Maroc,IT,Usage premium,Milieu de gamme,2500,41.1,Moyen,0,Appareil conforme au besoin,1,Milieu de gamme,1,Milieu de gamme,0.9924
Maroc Telecom,IT,Usage premium,Haut de gamme,4500,66.4,Élevé,1,Vérifier la pertinence budgétaire pour ce département,2,Haut de gamme,2,Haut de gamme,0.9791
inwi,Support,Usage intensif,Haut de gamme,4500,64.6,Élevé,1,Vérifier la pertinence budgétaire pour ce département,2,Haut de gamme,2,Haut de gamme,0.9946
Orange Maroc,Finance,Usage intensif,Entrée de gamme,1200,22.7,Faible,0,Appareil conforme au besoin,0,Entrée de gamme,0,Entrée de gamme,0.9745
Orange Maroc,Direction,Usage basique,Haut de gamme,4500,65.7,Élevé,1,Vérifier la pertinence budgétaire pour ce département,2,Haut de gamme,2,Haut de gamme,0.9931
Maroc Telecom,Commercial,Usage standard,Entrée de gamme,1200,22.1,Faible,0,Appareil conforme au besoin,0,Entrée de gamme,0,Entrée de gamme,0.9893
Maroc Telecom,RH,Usage standard,Haut de gamme,4500,64.3,Élevé,1,Vérifier la pertinence budgétaire pour ce département,2,Haut de gamme,2,Haut de gamme,0.9693
Orange Maroc,Commercial,Usage intensif,Haut de gamme,4500,65.0,Élevé,1,Vérifier la pertinence budgétaire pour ce département,2,Haut de gamme,2,Haut de gamme,0.9932
Maroc Telecom,Commercial,Usage standard,Haut de gamme,4500,63.2,Élevé,1,Vérifier la pertinence budgétaire pour ce département,2,Haut de gamme,2,Haut de gamme,0.9949
Maroc Telecom,Support,Usage basique,Premium,7000,94.3,Critique,1,Appareil coûteux : réserver aux profils premium,3,Premium,3,Premium,0.9956
inwi,Finance,Usage standard,Entrée de gamme,1200,24.6,Faible,0,Appareil conforme au besoin,0,Entrée de gamme,0,Entrée de gamme,0.9913
inwi,RH,Usage intensif,Entrée de gamme,1200,22.9,Faible,0,Appareil conforme au besoin,0,Entrée de gamme,0,Entrée de gamme,0.9977
Maroc Telecom,Support,Usage standard,Premium,7000,96.7,Critique,1,Appareil coûteux : réserver aux profils premium,3,Premium,3,Premium,0.986
Maroc Telecom,Direction,Usage basique,Premium,7000,91.6,Critique,1,Appareil coûteux : réserver aux profils premium,3,Premium,3,Premium,0.992
Orange Maroc,Support,Usage basique,Milieu de gamme,2500,39.6,Faible,0,Appareil conforme au besoin,1,Milieu de gamme,1,Milieu de gamme,0.9801
Maroc Telecom,RH,Usage basique,Entrée de gamme,1200,18.0,Faible,0,Appareil conforme au besoin,0,Entrée de gamme,0,Entrée de gamme,0.9436
Maroc Telecom,Support,Usage standard,Milieu de gamme,2500,38.1,Faible,0,Appareil conforme au besoin,1,Milieu de gamme,1,Milieu de gamme,0.9951
Maroc Telecom,Commercial,Usage intensif,Entrée de gamme,1200,21.6,Faible,0,Appareil conforme au besoin,0,Entrée de gamme,0,Entrée de gamme,0.9975
Orange Maroc,Commercial,Usage intensif,Entrée de gamme,1200,20.6,Faible,0,Appareil conforme au besoin,0,Entrée de gamme,0,Entrée de gamme,0.998
Orange Maroc,Finance,Usage intensif,Premium,7000,89.9,Critique,1,Appareil coûteux : réserver aux profils premium,3,Premium,3,Premium,0.968
Maroc Telecom,Commercial,Usage standard,Premium,7000,96.2,Critique,1,Appareil coûteux : réserver aux profils premium,3,Premium,3,Premium,0.9998
Maroc Telecom,Finance,Usage intensif,Premium,7000,91.6,Critique,1,Appareil coûteux : réserver aux profils premium,3,Premium,3,Premium,0.9976
Maroc Telecom,RH,Usage basique,Entrée de gamme,1200,22.3,Faible,0,Appareil conforme au besoin,0,Entrée de gamme,0,Entrée de gamme,0.999
Orange Maroc,Support,Usage standard,Haut de gamme,4500,63.7,Élevé,1,Vérifier la pertinence budgétaire pour ce département,2,Haut de gamme,2,Haut de gamme,0.9921
Maroc Telecom,Finance,Usage intensif,Haut de gamme,4500,64.5,Élevé,1,Vérifier la pertinence budgétaire pour ce département,2,Haut de gamme,3,Premium,0.8295
Maroc Telecom,IT,Usage basique,Milieu de gamme,2500,41.4,Moyen,0,Appareil conforme au besoin,1,Milieu de gamme,1,Milieu de gamme,0.9968
inwi,IT,Usage basique,Haut de gamme,4500,63.9,Élevé,1,Vérifier la pertinence budgétaire pour ce département,2,Haut de gamme,2,Haut de gamme,0.9971
Maroc Telecom,Direction,Usage premium,Haut de gamme,4500,62.7,Élevé,1,Vérifier la pertinence budgétaire pour ce département,2,Haut de gamme,2,Haut de gamme,0.9952
Orange Maroc,Commercial,Usage standard,Haut de gamme,4500,66.9,Élevé,1,Vérifier la pertinence budgétaire pour ce département,2,Haut de gamme,2,Haut de gamme,0.9503
Maroc Telecom,RH,Usage intensif,Entrée de gamme,1200,20.4,Faible,0,Appareil conforme au besoin,0,Entrée de gamme,0,Entrée de gamme,0.9992
Maroc Telecom,Support,Usage basique,Premium,7000,95.3,Critique,1,Appareil coûteux : réserver aux profils premium,3,Premium,3,Premium,0.9884
Maroc Telecom,Support,Usage intensif,Milieu de gamme,2500,41.5,Moyen,0,Appareil conforme au besoin,1,Milieu de gamme,1,Milieu de gamme,0.9965
Orange Maroc,RH,Usage standard,Milieu de gamme,2500,40.4,Moyen,0,Appareil conforme au besoin,1,Milieu de gamme,1,Milieu de gamme,0.9757
inwi,Commercial,Usage basique,Premium,7000,96.2,Critique,1,Appareil coûteux : réserver aux profils premium,3,Premium,3,Premium,0.9985
inwi,Support,Usage intensif,Premium,7000,92.4,Critique,1,Appareil coûteux : réserver aux profils premium,3,Premium,3,Premium,0.9979
Maroc Telecom,Commercial,Usage basique,Milieu de gamme,2500,41.0,Moyen,0,Appareil conforme au besoin,1,Milieu de gamme,1,Milieu de gamme,0.983
Orange Maroc,IT,Usage standard,Haut de gamme,4500,59.1,Moyen,0,Appareil conforme au besoin,2,Haut de gamme,1,Milieu de gamme,0.8081
Maroc Telecom,Support,Usage basique,Premium,7000,96.8,Critique,1,Appareil coûteux : réserver aux profils premium,3,Premium,3,Premium,0.9999
Maroc Telecom,Commercial,Usage basique,Haut de gamme,4500,63.5,Élevé,1,Vérifier la pertinence budgétaire pour ce département,2,Haut de gamme,2,Haut de gamme,0.9915
inwi,Finance,Usage standard,Haut de gamme,4500,62.7,Élevé,1,Vérifier la pertinence budgétaire pour ce département,2,Haut de gamme,2,Haut de gamme,0.9732
Maroc Telecom,RH,Usage basique,Entrée de gamme,1200,22.5,Faible,0,Appareil conforme au besoin,0,Entrée de gamme,0,Entrée de gamme,0.9989
Maroc Telecom,IT,Usage premium,Premium,7000,92.1,Critique,1,Appareil coûteux : réserver aux profils premium,3,Premium,3,Premium,0.9827
Maroc Telecom,IT,Usage basique,Premium,7000,94.5,Critique,1,Appareil coûteux : réserver aux profils premium,3,Premium,3,Premium,0.9991
Maroc Telecom,Support,Usage standard,Entrée de gamme,1200,21.8,Faible,0,Appareil conforme au besoin,0,Entrée de gamme,0,Entrée de gamme,0.9989
Maroc Telecom,IT,Usage basique,Haut de gamme,4500,61.8,Élevé,1,Vérifier la pertinence budgétaire pour ce département,2,Haut de gamme,2,Haut de gamme,0.9634
Orange Maroc,RH,Usage standard,Haut de gamme,4500,63.9,Élevé,1,Vérifier la pertinence budgétaire pour ce département,2,Haut de gamme,2,Haut de gamme,0.9856
Maroc Telecom,Commercial,Usage premium,Entrée de gamme,1200,21.9,Faible,0,Appareil conforme au besoin,0,Entrée de gamme,0,Entrée de gamme,0.9955
inwi,IT,Usage basique,Premium,7000,94.4,Critique,1,Appareil coûteux : réserver aux profils premium,3,Premium,3,Premium,0.9977
inwi,Direction,Usage premium,Premium,7000,99.4,Critique,1,Appareil coûteux : réserver aux profils premium,3,Premium,3,Premium,0.9999
Maroc Telecom,Finance,Usage basique,Entrée de gamme,1200,24.3,Faible,0,Appareil conforme au besoin,0,Entrée de gamme,0,Entrée de gamme,0.9985
Maroc Telecom,Finance,Usage intensif,Milieu de gamme,2500,34.3,Faible,0,Appareil conforme au besoin,1,Milieu de gamme,1,Milieu de gamme,0.9567
Maroc Telecom,Finance,Usage standard,Milieu de gamme,2500,37.6,Faible,0,Appareil conforme au besoin,1,Milieu de gamme,1,Milieu de gamme,0.9775
Orange Maroc,Finance,Usage premium,Entrée de gamme,1200,22.3,Faible,0,Appareil conforme au besoin,0,Entrée de gamme,0,Entrée de gamme,0.9995
Maroc Telecom,IT,Usage standard,Milieu de gamme,2500,42.4,Moyen,0,Appareil conforme au besoin,1,Milieu de gamme,1,Milieu de gamme,0.993
Orange Maroc,Support,Usage standard,Haut de gamme,4500,65.4,Élevé,1,Vérifier la pertinence budgétaire pour ce département,2,Haut de gamme,2,Haut de gamme,0.9904
Maroc Telecom,Direction,Usage basique,Milieu de gamme,2500,44.2,Moyen,0,Appareil conforme au besoin,1,Milieu de gamme,1,Milieu de gamme,0.9411
Orange Maroc,Finance,Usage basique,Premium,7000,91.9,Critique,1,Appareil coûteux : réserver aux profils premium,3,Premium,3,Premium,0.9935
Maroc Telecom,Commercial,Usage premium,Milieu de gamme,2500,38.9,Faible,0,Appareil conforme au besoin,1,Milieu de gamme,1,Milieu de gamme,0.9701
Maroc Telecom,Support,Usage standard,Entrée de gamme,1200,21.2,Faible,0,Appareil conforme au besoin,0,Entrée de gamme,0,Entrée de gamme,0.9998
inwi,Support,Usage standard,Entrée de gamme,1200,23.3,Faible,0,Appareil conforme au besoin,0,Entrée de gamme,0,Entrée de gamme,0.9964
inwi,RH,Usage intensif,Premium,7000,92.2,Critique,1,Appareil coûteux : réserver aux profils premium,3,Premium,3,Premium,0.9974
Maroc Telecom,Finance,Usage standard,Haut de gamme,4500,65.3,Élevé,1,Vérifier la pertinence budgétaire pour ce département,2,Haut de gamme,2,Haut de gamme,0.9927
inwi,Finance,Usage premium,Entrée de gamme,1200,20.2,Faible,0,Appareil conforme au besoin,0,Entrée de gamme,0,Entrée de gamme,0.9998
Orange Maroc,Support,Usage intensif,Milieu de gamme,2500,39.4,Faible,0,Appareil conforme au besoin,1,Milieu de gamme,1,Milieu de gamme,0.9914
inwi,Support,Usage standard,Entrée de gamme,1200,19.3,Faible,0,Appareil conforme au besoin,0,Entrée de gamme,0,Entrée de gamme,0.9996
inwi,Finance,Usage premium,Milieu de gamme,2500,38.8,Faible,0,Appareil conforme au besoin,1,Milieu de gamme,1,Milieu de gamme,0.9932
Maroc Telecom,RH,Usage basique,Haut de gamme,4500,61.1,Élevé,1,Vérifier la pertinence budgétaire pour ce département,2,Haut de gamme,1,Milieu de gamme,0.7726
Maroc Telecom,Direction,Usage standard,Milieu de gamme,2500,41.0,Moyen,0,Appareil conforme au besoin,1,Milieu de gamme,1,Milieu de gamme,0.9828
Maroc Telecom,Support,Usage standard,Milieu de gamme,2500,42.1,Moyen,0,Appareil conforme au besoin,1,Milieu de gamme,1,Milieu de gamme,0.9093
Orange Maroc,Direction,Usage basique,Haut de gamme,4500,66.4,Élevé,1,Vérifier la pertinence budgétaire pour ce département,2,Haut de gamme,2,Haut de gamme,0.9728
Orange Maroc,Support,Usage intensif,Haut de gamme,4500,64.1,Élevé,1,Vérifier la pertinence budgétaire pour ce département,2,Haut de gamme,2,Haut de gamme,0.9942
Maroc Telecom,RH,Usage premium,Entrée de gamme,1200,26.3,Faible,0,Appareil conforme au besoin,0,Entrée de gamme,0,Entrée de gamme,0.9536
Maroc Telecom,Commercial,Usage standard,Premium,7000,95.8,Critique,1,Appareil coûteux : réserver aux profils premium,3,Premium,3,Premium,0.9985
inwi,Commercial,Usage standard,Haut de gamme,4500,60.1,Élevé,1,Vérifier la pertinence budgétaire pour ce département,2,Haut de gamme,2,Haut de gamme,0.9614
inwi,IT,Usage premium,Premium,7000,93.8,Critique,1,Appareil coûteux : réserver aux profils premium,3,Premium,3,Premium,0.9889
Orange Maroc,Commercial,Usage standard,Milieu de gamme,2500,42.5,Moyen,0,Appareil conforme au besoin,1,Milieu de gamme,1,Milieu de gamme,0.9879
Maroc Telecom,Support,Usage standard,Haut de gamme,4500,62.7,Élevé,1,Vérifier la pertinence budgétaire pour ce département,2,Haut de gamme,2,Haut de gamme,0.9888
Maroc Telecom,IT,Usage standard,Premium,7000,91.8,Critique,1,Appareil coûteux : réserver aux profils premium,3,Premium,3,Premium,0.94
Maroc Telecom,Support,Usage premium,Premium,7000,92.3,Critique,1,Appareil coûteux : réserver aux profils premium,3,Premium,3,Premium,0.9997
inwi,Commercial,Usage standard,Haut de gamme,4500,64.6,Élevé,1,Vérifier la pertinence budgétaire pour ce département,2,Haut de gamme,2,Haut de gamme,0.996
Maroc Telecom,Direction,Usage intensif,Haut de gamme,4500,63.6,Élevé,1,Vérifier la pertinence budgétaire pour ce département,2,Haut de gamme,2,Haut de gamme,0.9975
Orange Maroc,IT,Usage intensif,Haut de gamme,4500,64.8,Élevé,1,Vérifier la pertinence budgétaire pour ce département,2,Haut de gamme,2,Haut de gamme,0.9884
Maroc Telecom,Finance,Usage standard,Premium,7000,97.3,Critique,1,Appareil coûteux : réserver aux profils premium,3,Premium,3,Premium,0.9999
Orange Maroc,Commercial,Usage standard,Entrée de gamme,1200,17.3,Faible,0,Appareil conforme au besoin,0,Entrée de gamme,0,Entrée de gamme,0.99
Orange Maroc,Finance,Usage intensif,Entrée de gamme,1200,22.3,Faible,0,Appareil conforme au besoin,0,Entrée de gamme,0,Entrée de gamme,0.9993
inwi,Support,Usage standard,Milieu de gamme,2500,41.2,Moyen,0,Appareil conforme au besoin,1,Milieu de gamme,1,Milieu de gamme,0.9976
Maroc Telecom,Support,Usage intensif,Entrée de gamme,1200,18.3,Faible,0,Appareil conforme au besoin,0,Entrée de gamme,0,Entrée de gamme,0.9996
Maroc Telecom,IT,Usage premium,Premium,7000,90.8,Critique,1,Appareil coûteux : réserver aux profils premium,3,Premium,3,Premium,0.993
Maroc Telecom,Commercial,Usage intensif,Entrée de gamme,1200,23.5,Faible,0,Appareil conforme au besoin,0,Entrée de gamme,0,Entrée de gamme,0.9979
inwi,Commercial,Usage intensif,Entrée de gamme,1200,19.5,Faible,0,Appareil conforme au besoin,0,Entrée de gamme,0,Entrée de gamme,0.9999
inwi,RH,Usage intensif,Haut de gamme,4500,64.0,Élevé,1,Vérifier la pertinence budgétaire pour ce département,2,Haut de gamme,2,Haut de gamme,0.9966
Orange Maroc,Direction,Usage intensif,Milieu de gamme,2500,40.7,Moyen,0,Appareil conforme au besoin,1,Milieu de gamme,1,Milieu de gamme,0.9903
Orange Maroc,Support,Usage standard,Milieu de gamme,2500,42.3,Moyen,0,Appareil conforme au besoin,1,Milieu de gamme,1,Milieu de gamme,0.989
Orange Maroc,Commercial,Usage basique,Milieu de gamme,2500,35.2,Faible,0,Appareil conforme au besoin,1,Milieu de gamme,1,Milieu de gamme,0.9766
Maroc Telecom,Support,Usage standard,Premium,7000,96.1,Critique,1,Appareil coûteux : réserver aux profils premium,3,Premium,3,Premium,0.9996
inwi,Commercial,Usage intensif,Entrée de gamme,1200,22.6,Faible,0,Appareil conforme au besoin,0,Entrée de gamme,0,Entrée de gamme,0.9979
Maroc Telecom,Direction,Usage standard,Milieu de gamme,2500,36.9,Faible,0,Appareil conforme au besoin,1,Milieu de gamme,1,Milieu de gamme,0.9952
Maroc Telecom,Commercial,Usage intensif,Premium,7000,93.2,Critique,1,Appareil coûteux : réserver aux profils premium,3,Premium,3,Premium,0.9979
Orange Maroc,Support,Usage standard,Premium,7000,91.6,Critique,1,Appareil coûteux : réserver aux profils premium,3,Premium,3,Premium,0.9975
Maroc Telecom,Support,Usage intensif,Premium,7000,93.9,Critique,1,Appareil coûteux : réserver aux profils premium,3,Premium,3,Premium,0.9848
Maroc Telecom,Finance,Usage basique,Milieu de gamme,2500,35.5,Faible,0,Appareil conforme au besoin,1,Milieu de gamme,1,Milieu de gamme,0.9802
Orange Maroc,Support,Usage intensif,Premium,7000,95.6,Critique,1,Appareil coûteux : réserver aux profils premium,3,Premium,3,Premium,0.9987
Maroc Telecom,Finance,Usage standard,Haut de gamme,4500,65.5,Élevé,1,Vérifier la pertinence budgétaire pour ce département,2,Haut de gamme,2,Haut de gamme,0.997
Orange Maroc,RH,Usage basique,Premium,7000,97.7,Critique,1,Appareil coûteux : réserver aux profils premium,3,Premium,3,Premium,0.9999
Maroc Telecom,RH,Usage standard,Milieu de gamme,2500,41.0,Moyen,0,Appareil conforme au besoin,1,Milieu de gamme,1,Milieu de gamme,0.9933
Maroc Telecom,Direction,Usage intensif,Milieu de gamme,2500,37.3,Faible,0,Appareil conforme au besoin,1,Milieu de gamme,1,Milieu de gamme,0.9398
Maroc Telecom,Support,Usage standard,Haut de gamme,4500,63.2,Élevé,1,Vérifier la pertinence budgétaire pour ce département,2,Haut de gamme,2,Haut de gamme,0.9748
Maroc Telecom,Support,Usage basique,Premium,7000,96.5,Critique,1,Appareil coûteux : réserver aux profils premium,3,Premium,3,Premium,0.9987
Orange Maroc,Support,Usage premium,Entrée de gamme,1200,23.1,Faible,0,Appareil conforme au besoin,0,Entrée de gamme,0,Entrée de gamme,0.9918
Maroc Telecom,Commercial,Usage intensif,Entrée de gamme,1200,22.7,Faible,0,Appareil conforme au besoin,0,Entrée de gamme,0,Entrée de gamme,0.9967
Orange Maroc,Direction,Usage premium,Milieu de gamme,2500,42.1,Moyen,0,Appareil conforme au besoin,1,Milieu de gamme,1,Milieu de gamme,0.9951
Orange Maroc,Commercial,Usage standard,Milieu de gamme,2500,38.3,Faible,0,Appareil conforme au besoin,1,Milieu de gamme,1,Milieu de gamme,0.9883
Orange Maroc,RH,Usage standard,Milieu de gamme,2500,38.8,Faible,0,Appareil conforme au besoin,1,Milieu de gamme,1,Milieu de gamme,0.9792
inwi,IT,Usage premium,Entrée de gamme,1200,20.3,Faible,0,Appareil conforme au besoin,0,Entrée de gamme,0,Entrée de gamme,0.9997
Orange Maroc,Support,Usage standard,Premium,7000,93.0,Critique,1,Appareil coûteux : réserver aux profils premium,3,Premium,3,Premium,0.9977
Maroc Telecom,Support,Usage intensif,Haut de gamme,4500,66.2,Élevé,1,Vérifier la pertinence budgétaire pour ce département,2,Haut de gamme,2,Haut de gamme,0.9665
Maroc Telecom,RH,Usage standard,Entrée de gamme,1200,18.7,Faible,0,Appareil conforme au besoin,0,Entrée de gamme,0,Entrée de gamme,0.9996
Maroc Telecom,IT,Usage standard,Milieu de gamme,2500,35.7,Faible,0,Appareil conforme au besoin,1,Milieu de gamme,1,Milieu de gamme,0.9668
Orange Maroc,Support,Usage basique,Premium,7000,98.6,Critique,1,Appareil coûteux : réserver aux profils premium,3,Premium,3,Premium,0.9999
Maroc Telecom,IT,Usage basique,Entrée de gamme,1200,22.7,Faible,0,Appareil conforme au besoin,0,Entrée de gamme,0,Entrée de gamme,0.9993
Orange Maroc,Support,Usage basique,Premium,7000,92.5,Critique,1,Appareil coûteux : réserver aux profils premium,3,Premium,3,Premium,0.9996
Orange Maroc,Direction,Usage basique,Milieu de gamme,2500,41.6,Moyen,0,Appareil conforme au besoin,1,Milieu de gamme,1,Milieu de gamme,0.988
Maroc Telecom,RH,Usage premium,Entrée de gamme,1200,24.7,Faible,0,Appareil conforme au besoin,0,Entrée de gamme,0,Entrée de gamme,0.9443
inwi,Finance,Usage basique,Premium,7000,94.6,Critique,1,Appareil coûteux : réserver aux profils premium,3,Premium,3,Premium,0.9987
Maroc Telecom,Support,Usage intensif,Premium,7000,92.7,Critique,1,Appareil coûteux : réserver aux profils premium,3,Premium,3,Premium,0.9994
Maroc Telecom,Support,Usage intensif,Milieu de gamme,2500,40.6,Moyen,0,Appareil conforme au besoin,1,Milieu de gamme,1,Milieu de gamme,0.954
Orange Maroc,Commercial,Usage standard,Entrée de gamme,1200,20.1,Faible,0,Appareil conforme au besoin,0,Entrée de gamme,0,Entrée de gamme,0.999
Orange Maroc,Direction,Usage basique,Entrée de gamme,1200,20.1,Faible,0,Appareil conforme au besoin,0,Entrée de gamme,0,Entrée de gamme,0.9887
Orange Maroc,IT,Usage intensif,Entrée de gamme,1200,25.4,Faible,0,Appareil conforme au besoin,0,Entrée de gamme,0,Entrée de gamme,0.9937
Maroc Telecom,Commercial,Usage intensif,Premium,7000,98.4,Critique,1,Appareil coûteux : réserver aux profils premium,3,Premium,3,Premium,0.9996
Maroc Telecom,Support,Usage intensif,Premium,7000,91.9,Critique,1,Appareil coûteux : réserver aux profils premium,3,Premium,3,Premium,0.9988
inwi,Support,Usage intensif,Milieu de gamme,2500,37.9,Faible,0,Appareil conforme au besoin,1,Milieu de gamme,1,Milieu de gamme,0.9954
inwi,IT,Usage premium,Milieu de gamme,2500,40.4,Moyen,0,Appareil conforme au besoin,1,Milieu de gamme,1,Milieu de gamme,0.9868
Orange Maroc,Support,Usage standard,Milieu de gamme,2500,38.7,Faible,0,Appareil conforme au besoin,1,Milieu de gamme,1,Milieu de gamme,0.9942
Maroc Telecom,Commercial,Usage standard,Milieu de gamme,2500,37.2,Faible,0,Appareil conforme au besoin,1,Milieu de gamme,1,Milieu de gamme,0.9807
Orange Maroc,RH,Usage intensif,Entrée de gamme,1200,18.3,Faible,0,Appareil conforme au besoin,0,Entrée de gamme,0,Entrée de gamme,0.9993
Maroc Telecom,IT,Usage basique,Entrée de gamme,1200,18.8,Faible,0,Appareil conforme au besoin,0,Entrée de gamme,0,Entrée de gamme,0.9999
Maroc Telecom,Support,Usage premium,Premium,7000,95.4,Critique,1,Appareil coûteux : réserver aux profils premium,3,Premium,3,Premium,0.9994
inwi,IT,Usage basique,Haut de gamme,4500,63.6,Élevé,1,Vérifier la pertinence budgétaire pour ce département,2,Haut de gamme,2,Haut de gamme,0.9786
Maroc Telecom,Finance,Usage standard,Entrée de gamme,1200,23.4,Faible,0,Appareil conforme au besoin,0,Entrée de gamme,0,Entrée de gamme,0.9954
inwi,Finance,Usage intensif,Premium,7000,90.6,Critique,1,Appareil coûteux : réserver aux profils premium,3,Premium,3,Premium,0.9746
Maroc Telecom,Support,Usage standard,Premium,7000,98.2,Critique,1,Appareil coûteux : réserver aux profils premium,3,Premium,3,Premium,0.9983
Maroc Telecom,Commercial,Usage standard,Haut de gamme,4500,63.4,Élevé,1,Vérifier la pertinence budgétaire pour ce département,2,Haut de gamme,2,Haut de gamme,0.9875
Orange Maroc,Support,Usage standard,Entrée de gamme,1200,24.4,Faible,0,Appareil conforme au besoin,0,Entrée de gamme,0,Entrée de gamme,0.9895
inwi,Finance,Usage premium,Entrée de gamme,1200,22.0,Faible,0,Appareil conforme au besoin,0,Entrée de gamme,0,Entrée de gamme,0.9957
Orange Maroc,Commercial,Usage standard,Entrée de gamme,1200,20.8,Faible,0,Appareil conforme au besoin,0,Entrée de gamme,0,Entrée de gamme,0.9928
inwi,Commercial,Usage premium,Haut de gamme,4500,66.0,Élevé,1,Vérifier la pertinence budgétaire pour ce département,2,Haut de gamme,2,Haut de gamme,0.9866
Orange Maroc,Support,Usage basique,Premium,7000,92.9,Critique,1,Appareil coûteux : réserver aux profils premium,3,Premium,3,Premium,0.9997
Orange Maroc,Direction,Usage intensif,Entrée de gamme,1200,21.7,Faible,0,Appareil conforme au besoin,0,Entrée de gamme,0,Entrée de gamme,0.9997
inwi,IT,Usage intensif,Milieu de gamme,2500,38.4,Faible,0,Appareil conforme au besoin,1,Milieu de gamme,1,Milieu de gamme,0.9889
Maroc Telecom,Commercial,Usage basique,Premium,7000,93.1,Critique,1,Appareil coûteux : réserver aux profils premium,3,Premium,3,Premium,0.9755
Orange Maroc,IT,Usage standard,Milieu de gamme,2500,40.6,Moyen,0,Appareil conforme au besoin,1,Milieu de gamme,1,Milieu de gamme,0.9966
Maroc Telecom,Commercial,Usage basique,Haut de gamme,4500,61.5,Élevé,1,Vérifier la pertinence budgétaire pour ce département,2,Haut de gamme,2,Haut de gamme,0.9898
inwi,Finance,Usage intensif,Entrée de gamme,1200,20.5,Faible,0,Appareil conforme au besoin,0,Entrée de gamme,0,Entrée de gamme,0.9983
inwi,Finance,Usage standard,Entrée de gamme,1200,20.7,Faible,0,Appareil conforme au besoin,0,Entrée de gamme,0,Entrée de gamme,0.9987
Maroc Telecom,RH,Usage intensif,Haut de gamme,4500,61.7,Élevé,1,Vérifier la pertinence budgétaire pour ce département,2,Haut de gamme,2,Haut de gamme,0.9567
Orange Maroc,Commercial,Usage basique,Entrée de gamme,1200,22.7,Faible,0,Appareil conforme au besoin,0,Entrée de gamme,0,Entrée de gamme,0.999
inwi,RH,Usage basique,Haut de gamme,4500,67.0,Élevé,1,Vérifier la pertinence budgétaire pour ce département,2,Haut de gamme,2,Haut de gamme,0.9834
Maroc Telecom,Support,Usage basique,Entrée de gamme,1200,21.8,Faible,0,Appareil conforme au besoin,0,Entrée de gamme,0,Entrée de gamme,0.9467
Orange Maroc,RH,Usage standard,Premium,7000,88.3,Critique,1,Appareil coûteux : réserver aux profils premium,3,Premium,3,Premium,0.9324
inwi,IT,Usage standard,Premium,7000,93.7,Critique,1,Appareil coûteux : réserver aux profils premium,3,Premium,3,Premium,0.9995
Maroc Telecom,Support,Usage premium,Milieu de gamme,2500,41.8,Moyen,0,Appareil conforme au besoin,1,Milieu de gamme,1,Milieu de gamme,0.9916
Orange Maroc,Finance,Usage intensif,Premium,7000,93.2,Critique,1,Appareil coûteux : réserver aux profils premium,3,Premium,3,Premium,0.9937
Maroc Telecom,RH,Usage standard,Premium,7000,97.5,Critique,1,Appareil coûteux : réserver aux profils premium,3,Premium,3,Premium,0.9999
inwi,Commercial,Usage premium,Milieu de gamme,2500,39.0,Faible,0,Appareil conforme au besoin,1,Milieu de gamme,1,Milieu de gamme,0.9944
inwi,RH,Usage intensif,Entrée de gamme,1200,21.6,Faible,0,Appareil conforme au besoin,0,Entrée de gamme,0,Entrée de gamme,0.9994
inwi,IT,Usage premium,Entrée de gamme,1200,22.2,Faible,0,Appareil conforme au besoin,0,Entrée de gamme,0,Entrée de gamme,0.9944
Orange Maroc,RH,Usage standard,Entrée de gamme,1200,19.0,Faible,0,Appareil conforme au besoin,0,Entrée de gamme,0,Entrée de gamme,0.999
inwi,Direction,Usage standard,Entrée de gamme,1200,21.2,Faible,0,Appareil conforme au besoin,0,Entrée de gamme,0,Entrée de gamme,0.9979
inwi,Commercial,Usage basique,Milieu de gamme,2500,35.8,Faible,0,Appareil conforme au besoin,1,Milieu de gamme,1,Milieu de gamme,0.984
Maroc Telecom,Commercial,Usage intensif,Milieu de gamme,2500,39.3,Faible,0,Appareil conforme au besoin,1,Milieu de gamme,1,Milieu de gamme,0.9899
inwi,Commercial,Usage basique,Haut de gamme,4500,66.3,Élevé,1,Vérifier la pertinence budgétaire pour ce département,2,Haut de gamme,2,Haut de gamme,0.9917
Maroc Telecom,Finance,Usage standard,Haut de gamme,4500,64.7,Élevé,1,Vérifier la pertinence budgétaire pour ce département,2,Haut de gamme,2,Haut de gamme,0.9919
Orange Maroc,RH,Usage standard,Haut de gamme,4500,68.8,Élevé,1,Vérifier la pertinence budgétaire pour ce département,2,Haut de gamme,2,Haut de gamme,0.965
Maroc Telecom,Support,Usage standard,Milieu de gamme,2500,41.0,Moyen,0,Appareil conforme au besoin,1,Milieu de gamme,1,Milieu de gamme,0.9922
Maroc Telecom,IT,Usage intensif,Haut de gamme,4500,66.2,Élevé,1,Vérifier la pertinence budgétaire pour ce département,2,Haut de gamme,2,Haut de gamme,0.9599
Maroc Telecom,Finance,Usage basique,Entrée de gamme,1200,23.5,Faible,0,Appareil conforme au besoin,0,Entrée de gamme,0,Entrée de gamme,0.9915
Orange Maroc,Finance,Usage standard,Entrée de gamme,1200,23.1,Faible,0,Appareil conforme au besoin,0,Entrée de gamme,0,Entrée de gamme,0.999
Maroc Telecom,RH,Usage intensif,Premium,7000,92.2,Critique,1,Appareil coûteux : réserver aux profils premium,3,Premium,3,Premium,0.995
Orange Maroc,Direction,Usage premium,Entrée de gamme,1200,23.7,Faible,0,Appareil conforme au besoin,0,Entrée de gamme,0,Entrée de gamme,0.9658
Maroc Telecom,IT,Usage intensif,Milieu de gamme,2500,37.6,Faible,0,Appareil conforme au besoin,1,Milieu de gamme,1,Milieu de gamme,0.9504
Maroc Telecom,Commercial,Usage premium,Milieu de gamme,2500,38.0,Faible,0,Appareil conforme au besoin,1,Milieu de gamme,1,Milieu de gamme,0.9915
Orange Maroc,IT,Usage intensif,Entrée de gamme,1200,20.7,Faible,0,Appareil conforme au besoin,0,Entrée de gamme,0,Entrée de gamme,0.9989
inwi,Direction,Usage standard,Premium,7000,90.9,Critique,1,Appareil coûteux : réserver aux profils premium,3,Premium,3,Premium,0.9946
Maroc Telecom,IT,Usage basique,Haut de gamme,4500,63.5,Élevé,1,Vérifier la pertinence budgétaire pour ce département,2,Haut de gamme,2,Haut de gamme,0.9963
Orange Maroc,RH,Usage intensif,Entrée de gamme,1200,25.8,Faible,0,Appareil conforme au besoin,0,Entrée de gamme,0,Entrée de gamme,0.987
inwi,Support,Usage intensif,Milieu de gamme,2500,39.4,Faible,0,Appareil conforme au besoin,1,Milieu de gamme,1,Milieu de gamme,0.9645
Orange Maroc,Support,Usage intensif,Haut de gamme,4500,62.5,Élevé,1,Vérifier la pertinence budgétaire pour ce département,2,Haut de gamme,2,Haut de gamme,0.956
Maroc Telecom,RH,Usage standard,Premium,7000,93.8,Critique,1,Appareil coûteux : réserver aux profils premium,3,Premium,3,Premium,0.9944
Maroc Telecom,RH,Usage standard,Haut de gamme,4500,61.9,Élevé,1,Vérifier la pertinence budgétaire pour ce département,2,Haut de gamme,2,Haut de gamme,0.9724
inwi,RH,Usage standard,Premium,7000,98.7,Critique,1,Appareil coûteux : réserver aux profils premium,3,Premium,3,Premium,0.9995
Maroc Telecom,Finance,Usage standard,Milieu de gamme,2500,38.6,Faible,0,Appareil conforme au besoin,1,Milieu de gamme,1,Milieu de gamme,0.998
inwi,Finance,Usage basique,Milieu de gamme,2500,37.4,Faible,0,Appareil conforme au besoin,1,Milieu de gamme,1,Milieu de gamme,0.9934
Orange Maroc,Commercial,Usage intensif,Milieu de gamme,2500,38.8,Faible,0,Appareil conforme au besoin,1,Milieu de gamme,1,Milieu de gamme,0.9924
inwi,Finance,Usage basique,Milieu de gamme,2500,41.3,Moyen,0,Appareil conforme au besoin,1,Milieu de gamme,1,Milieu de gamme,0.9465
inwi,Finance,Usage basique,Premium,7000,90.8,Critique,1,Appareil coûteux : réserver aux profils premium,3,Premium,3,Premium,0.9961
inwi,Commercial,Usage standard,Milieu de gamme,2500,40.8,Moyen,0,Appareil conforme au besoin,1,Milieu de gamme,1,Milieu de gamme,0.9944
Maroc Telecom,Direction,Usage intensif,Milieu de gamme,2500,39.7,Faible,0,Appareil conforme au besoin,1,Milieu de gamme,1,Milieu de gamme,0.9932
inwi,Commercial,Usage standard,Haut de gamme,4500,64.6,Élevé,1,Vérifier la pertinence budgétaire pour ce département,2,Haut de gamme,2,Haut de gamme,0.982
Maroc Telecom,IT,Usage standard,Haut de gamme,4500,61.3,Élevé,1,Vérifier la pertinence budgétaire pour ce département,2,Haut de gamme,2,Haut de gamme,0.977
Orange Maroc,IT,Usage standard,Milieu de gamme,2500,41.5,Moyen,0,Appareil conforme au besoin,1,Milieu de gamme,1,Milieu de gamme,0.9348
Orange Maroc,Direction,Usage standard,Haut de gamme,4500,65.5,Élevé,1,Vérifier la pertinence budgétaire pour ce département,2,Haut de gamme,2,Haut de gamme,0.994
inwi,Finance,Usage premium,Premium,7000,92.9,Critique,1,Appareil coûteux : réserver aux profils premium,3,Premium,3,Premium,0.9865
inwi,IT,Usage premium,Milieu de gamme,2500,39.5,Faible,0,Appareil conforme au besoin,1,Milieu de gamme,1,Milieu de gamme,0.9973
inwi,Commercial,Usage standard,Haut de gamme,4500,61.7,Élevé,1,Vérifier la pertinence budgétaire pour ce département,2,Haut de gamme,2,Haut de gamme,0.9847
Maroc Telecom,Commercial,Usage standard,Entrée de gamme,1200,24.9,Faible,0,Appareil conforme au besoin,0,Entrée de gamme,0,Entrée de gamme,0.9951
Maroc Telecom,Commercial,Usage intensif,Milieu de gamme,2500,38.0,Faible,0,Appareil conforme au besoin,1,Milieu de gamme,1,Milieu de gamme,0.9371
Orange Maroc,Finance,Usage basique,Entrée de gamme,1200,21.8,Faible,0,Appareil conforme au besoin,0,Entrée de gamme,0,Entrée de gamme,0.994
Maroc Telecom,IT,Usage standard,Premium,7000,93.0,Critique,1,Appareil coûteux : réserver aux profils premium,3,Premium,3,Premium,0.9909
Maroc Telecom,Direction,Usage standard,Entrée de gamme,1200,24.5,Faible,0,Appareil conforme au besoin,0,Entrée de gamme,0,Entrée de gamme,0.9982
Maroc Telecom,Finance,Usage premium,Entrée de gamme,1200,20.3,Faible,0,Appareil conforme au besoin,0,Entrée de gamme,0,Entrée de gamme,0.9998
Maroc Telecom,Commercial,Usage basique,Entrée de gamme,1200,20.6,Faible,0,Appareil conforme au besoin,0,Entrée de gamme,0,Entrée de gamme,0.9982
Maroc Telecom,Support,Usage standard,Entrée de gamme,1200,23.0,Faible,0,Appareil conforme au besoin,0,Entrée de gamme,0,Entrée de gamme,0.9959
Maroc Telecom,Commercial,Usage intensif,Milieu de gamme,2500,40.7,Moyen,0,Appareil conforme au besoin,1,Milieu de gamme,1,Milieu de gamme,0.9903
Maroc Telecom,Finance,Usage standard,Premium,7000,90.5,Critique,1,Appareil coûteux : réserver aux profils premium,3,Premium,3,Premium,0.9884
Maroc Telecom,Finance,Usage basique,Entrée de gamme,1200,22.4,Faible,0,Appareil conforme au besoin,0,Entrée de gamme,0,Entrée de gamme,0.9995
inwi,Commercial,Usage premium,Milieu de gamme,2500,40.2,Moyen,0,Appareil conforme au besoin,1,Milieu de gamme,1,Milieu de gamme,0.9837
Maroc Telecom,Support,Usage standard,Milieu de gamme,2500,37.4,Faible,0,Appareil conforme au besoin,1,Milieu de gamme,1,Milieu de gamme,0.9967
Maroc Telecom,Direction,Usage intensif,Entrée de gamme,1200,18.7,Faible,0,Appareil conforme au besoin,0,Entrée de gamme,0,Entrée de gamme,0.9991
Orange Maroc,IT,Usage basique,Premium,7000,96.2,Critique,1,Appareil coûteux : réserver aux profils premium,3,Premium,3,Premium,0.9999
Maroc Telecom,IT,Usage standard,Premium,7000,95.7,Critique,1,Appareil coûteux : réserver aux profils premium,3,Premium,3,Premium,0.9987
inwi,Direction,Usage standard,Haut de gamme,4500,61.9,Élevé,1,Vérifier la pertinence budgétaire pour ce département,2,Haut de gamme,1,Milieu de gamme,0.9012
inwi,Support,Usage basique,Milieu de gamme,2500,40.6,Moyen,0,Appareil conforme au besoin,1,Milieu de gamme,1,Milieu de gamme,0.9361
Maroc Telecom,Support,Usage basique,Entrée de gamme,1200,20.8,Faible,0,Appareil conforme au besoin,0,Entrée de gamme,0,Entrée de gamme,0.9937
Maroc Telecom,Finance,Usage intensif,Milieu de gamme,2500,39.3,Faible,0,Appareil conforme au besoin,1,Milieu de gamme,1,Milieu de gamme,0.987
inwi,Commercial,Usage basique,Haut de gamme,4500,62.5,Élevé,1,Vérifier la pertinence budgétaire pour ce département,2,Haut de gamme,2,Haut de gamme,0.991
inwi,Support,Usage basique,Haut de gamme,4500,66.5,Élevé,1,Vérifier la pertinence budgétaire pour ce département,2,Haut de gamme,2,Haut de gamme,0.9902
Orange Maroc,Commercial,Usage standard,Haut de gamme,4500,66.6,Élevé,1,Vérifier la pertinence budgétaire pour ce département,2,Haut de gamme,2,Haut de gamme,0.9895
Orange Maroc,RH,Usage intensif,Milieu de gamme,2500,41.2,Moyen,0,Appareil conforme au besoin,1,Milieu de gamme,1,Milieu de gamme,0.9934
Maroc Telecom,IT,Usage basique,Milieu de gamme,2500,40.3,Moyen,0,Appareil conforme au besoin,1,Milieu de gamme,1,Milieu de gamme,0.9642
inwi,Commercial,Usage standard,Entrée de gamme,1200,23.6,Faible,0,Appareil conforme au besoin,0,Entrée de gamme,0,Entrée de gamme,0.9924
Maroc Telecom,Finance,Usage basique,Milieu de gamme,2500,39.5,Faible,0,Appareil conforme au besoin,1,Milieu de gamme,1,Milieu de gamme,0.9909
inwi,Commercial,Usage basique,Haut de gamme,4500,64.6,Élevé,1,Vérifier la pertinence budgétaire pour ce département,2,Haut de gamme,2,Haut de gamme,0.9919
Orange Maroc,Direction,Usage basique,Haut de gamme,4500,62.5,Élevé,1,Vérifier la pertinence budgétaire pour ce département,2,Haut de gamme,2,Haut de gamme,0.9342
Orange Maroc,RH,Usage intensif,Haut de gamme,4500,60.5,Élevé,1,Vérifier la pertinence budgétaire pour ce département,2,Haut de gamme,2,Haut de gamme,0.9779
Orange Maroc,Support,Usage basique,Entrée de gamme,1200,23.6,Faible,0,Appareil conforme au besoin,0,Entrée de gamme,0,Entrée de gamme,0.9751
Maroc Telecom,Finance,Usage basique,Entrée de gamme,1200,17.4,Faible,0,Appareil conforme au besoin,0,Entrée de gamme,0,Entrée de gamme,0.9994
Maroc Telecom,Commercial,Usage standard,Milieu de gamme,2500,37.5,Faible,0,Appareil conforme au besoin,1,Milieu de gamme,1,Milieu de gamme,0.9787
Maroc Telecom,Direction,Usage intensif,Premium,7000,92.1,Critique,1,Appareil coûteux : réserver aux profils premium,3,Premium,3,Premium,0.9992
Maroc Telecom,IT,Usage standard,Milieu de gamme,2500,41.6,Moyen,0,Appareil conforme au besoin,1,Milieu de gamme,1,Milieu de gamme,0.9945
inwi,IT,Usage standard,Premium,7000,92.6,Critique,1,Appareil coûteux : réserver aux profils premium,3,Premium,3,Premium,0.9691
Maroc Telecom,RH,Usage basique,Entrée de gamme,1200,22.7,Faible,0,Appareil conforme au besoin,0,Entrée de gamme,0,Entrée de gamme,0.9992
Maroc Telecom,IT,Usage standard,Entrée de gamme,1200,25.1,Faible,0,Appareil conforme au besoin,0,Entrée de gamme,0,Entrée de gamme,0.9303
inwi,Support,Usage standard,Milieu de gamme,2500,39.7,Faible,0,Appareil conforme au besoin,1,Milieu de gamme,1,Milieu de gamme,0.9183
inwi,Direction,Usage standard,Entrée de gamme,1200,18.0,Faible,0,Appareil conforme au besoin,0,Entrée de gamme,0,Entrée de gamme,0.9999
inwi,RH,Usage standard,Premium,7000,91.3,Critique,1,Appareil coûteux : réserver aux profils premium,3,Premium,3,Premium,0.9702
inwi,Finance,Usage standard,Milieu de gamme,2500,38.6,Faible,0,Appareil conforme au besoin,1,Milieu de gamme,1,Milieu de gamme,0.9901
Maroc Telecom,RH,Usage basique,Entrée de gamme,1200,24.0,Faible,0,Appareil conforme au besoin,0,Entrée de gamme,0,Entrée de gamme,0.9967
Maroc Telecom,Support,Usage standard,Entrée de gamme,1200,20.3,Faible,0,Appareil conforme au besoin,0,Entrée de gamme,0,Entrée de gamme,0.9981
inwi,IT,Usage basique,Haut de gamme,4500,63.9,Élevé,1,Vérifier la pertinence budgétaire pour ce département,2,Haut de gamme,2,Haut de gamme,0.9894
Orange Maroc,Commercial,Usage intensif,Premium,7000,91.2,Critique,1,Appareil coûteux : réserver aux profils premium,3,Premium,3,Premium,0.971
Maroc Telecom,Commercial,Usage premium,Premium,7000,95.7,Critique,1,Appareil coûteux : réserver aux profils premium,3,Premium,3,Premium,0.9983
inwi,Commercial,Usage premium,Milieu de gamme,2500,41.0,Moyen,0,Appareil conforme au besoin,1,Milieu de gamme,1,Milieu de gamme,0.9527
Maroc Telecom,Finance,Usage premium,Premium,7000,94.8,Critique,1,Appareil coûteux : réserver aux profils premium,3,Premium,3,Premium,0.9799
Maroc Telecom,Support,Usage intensif,Premium,7000,91.2,Critique,1,Appareil coûteux : réserver aux profils premium,3,Premium,3,Premium,0.9935
Orange Maroc,IT,Usage intensif,Milieu de gamme,2500,42.7,Moyen,0,Appareil conforme au besoin,1,Milieu de gamme,1,Milieu de gamme,0.9714
Orange Maroc,Finance,Usage standard,Premium,7000,93.2,Critique,1,Appareil coûteux : réserver aux profils premium,3,Premium,3,Premium,0.9895
Orange Maroc,Support,Usage intensif,Haut de gamme,4500,62.9,Élevé,1,Vérifier la pertinence budgétaire pour ce département,2,Haut de gamme,2,Haut de gamme,0.9844
Maroc Telecom,Support,Usage standard,Entrée de gamme,1200,21.2,Faible,0,Appareil conforme au besoin,0,Entrée de gamme,0,Entrée de gamme,0.9997
inwi,IT,Usage standard,Haut de gamme,4500,66.7,Élevé,1,Vérifier la pertinence budgétaire pour ce département,2,Haut de gamme,2,Haut de gamme,0.9899
Maroc Telecom,Finance,Usage intensif,Haut de gamme,4500,61.0,Élevé,1,Vérifier la pertinence budgétaire pour ce département,2,Haut de gamme,2,Haut de gamme,0.9154
Maroc Telecom,Finance,Usage standard,Premium,7000,92.0,Critique,1,Appareil coûteux : réserver aux profils premium,3,Premium,3,Premium,0.9786
inwi,Finance,Usage standard,Premium,7000,90.8,Critique,1,Appareil coûteux : réserver aux profils premium,3,Premium,3,Premium,0.9615
inwi,Finance,Usage premium,Premium,7000,93.7,Critique,1,Appareil coûteux : réserver aux profils premium,3,Premium,3,Premium,0.9819
inwi,IT,Usage basique,Premium,7000,93.0,Critique,1,Appareil coûteux : réserver aux profils premium,3,Premium,3,Premium,0.9899
inwi,Commercial,Usage standard,Milieu de gamme,2500,41.3,Moyen,0,Appareil conforme au besoin,1,Milieu de gamme,1,Milieu de gamme,0.9951
Orange Maroc,Support,Usage premium,Haut de gamme,4500,60.6,Élevé,1,Vérifier la pertinence budgétaire pour ce département,2,Haut de gamme,2,Haut de gamme,0.9873
Orange Maroc,Commercial,Usage intensif,Haut de gamme,4500,63.9,Élevé,1,Vérifier la pertinence budgétaire pour ce département,2,Haut de gamme,2,Haut de gamme,0.9972
Maroc Telecom,Commercial,Usage standard,Milieu de gamme,2500,38.7,Faible,0,Appareil conforme au besoin,1,Milieu de gamme,1,Milieu de gamme,0.9943
Maroc Telecom,IT,Usage basique,Haut de gamme,4500,59.4,Moyen,0,Appareil conforme au besoin,2,Haut de gamme,2,Haut de gamme,0.9913
Maroc Telecom,Direction,Usage standard,Entrée de gamme,1200,24.4,Faible,0,Appareil conforme au besoin,0,Entrée de gamme,0,Entrée de gamme,0.9924
Maroc Telecom,Support,Usage premium,Haut de gamme,4500,67.0,Élevé,1,Vérifier la pertinence budgétaire pour ce département,2,Haut de gamme,2,Haut de gamme,0.9944
Orange Maroc,Support,Usage standard,Premium,7000,95.0,Critique,1,Appareil coûteux : réserver aux profils premium,3,Premium,3,Premium,0.9993
Orange Maroc,Support,Usage standard,Haut de gamme,4500,62.0,Élevé,1,Vérifier la pertinence budgétaire pour ce département,2,Haut de gamme,2,Haut de gamme,0.9757
Maroc Telecom,Direction,Usage basique,Haut de gamme,4500,66.0,Élevé,1,Vérifier la pertinence budgétaire pour ce département,2,Haut de gamme,2,Haut de gamme,0.995
Maroc Telecom,Commercial,Usage basique,Milieu de gamme,2500,39.1,Faible,0,Appareil conforme au besoin,1,Milieu de gamme,1,Milieu de gamme,0.9945
Orange Maroc,Finance,Usage premium,Entrée de gamme,1200,22.1,Faible,0,Appareil conforme au besoin,0,Entrée de gamme,0,Entrée de gamme,0.9986
Maroc Telecom,Commercial,Usage standard,Milieu de gamme,2500,42.1,Moyen,0,Appareil conforme au besoin,1,Milieu de gamme,1,Milieu de gamme,0.9957
inwi,Support,Usage intensif,Milieu de gamme,2500,39.0,Faible,0,Appareil conforme au besoin,1,Milieu de gamme,1,Milieu de gamme,0.9478
Orange Maroc,Support,Usage basique,Entrée de gamme,1200,22.0,Faible,0,Appareil conforme au besoin,0,Entrée de gamme,0,Entrée de gamme,0.9758
Orange Maroc,Commercial,Usage intensif,Haut de gamme,4500,66.4,Élevé,1,Vérifier la pertinence budgétaire pour ce département,2,Haut de gamme,2,Haut de gamme,0.9812
Orange Maroc,IT,Usage premium,Entrée de gamme,1200,21.5,Faible,0,Appareil conforme au besoin,0,Entrée de gamme,0,Entrée de gamme,0.9985
inwi,RH,Usage standard,Haut de gamme,4500,64.3,Élevé,1,Vérifier la pertinence budgétaire pour ce département,2,Haut de gamme,2,Haut de gamme,0.9955
Maroc Telecom,Direction,Usage basique,Haut de gamme,4500,67.0,Élevé,1,Vérifier la pertinence budgétaire pour ce département,2,Haut de gamme,2,Haut de gamme,0.9329
Orange Maroc,Commercial,Usage standard,Haut de gamme,4500,62.9,Élevé,1,Vérifier la pertinence budgétaire pour ce département,2,Haut de gamme,2,Haut de gamme,0.98
Orange Maroc,Commercial,Usage intensif,Haut de gamme,4500,63.6,Élevé,1,Vérifier la pertinence budgétaire pour ce département,2,Haut de gamme,2,Haut de gamme,0.9922
Maroc Telecom,Finance,Usage standard,Milieu de gamme,2500,41.9,Moyen,0,Appareil conforme au besoin,1,Milieu de gamme,1,Milieu de gamme,0.988
inwi,RH,Usage premium,Haut de gamme,4500,64.8,Élevé,1,Vérifier la pertinence budgétaire pour ce département,2,Haut de gamme,2,Haut de gamme,0.994
inwi,Support,Usage intensif,Haut de gamme,4500,67.2,Élevé,1,Vérifier la pertinence budgétaire pour ce département,2,Haut de gamme,2,Haut de gamme,0.9544
Orange Maroc,Commercial,Usage premium,Entrée de gamme,1200,24.9,Faible,0,Appareil conforme au besoin,0,Entrée de gamme,0,Entrée de gamme,0.9765
inwi,Support,Usage intensif,Milieu de gamme,2500,38.1,Faible,0,Appareil conforme au besoin,1,Milieu de gamme,1,Milieu de gamme,0.9955
inwi,Commercial,Usage basique,Milieu de gamme,2500,38.9,Faible,0,Appareil conforme au besoin,1,Milieu de gamme,1,Milieu de gamme,0.9942
Orange Maroc,Commercial,Usage standard,Haut de gamme,4500,65.7,Élevé,1,Vérifier la pertinence budgétaire pour ce département,2,Haut de gamme,2,Haut de gamme,0.991
inwi,Finance,Usage basique,Milieu de gamme,2500,38.6,Faible,0,Appareil conforme au besoin,1,Milieu de gamme,1,Milieu de gamme,0.9957
Orange Maroc,Support,Usage premium,Milieu de gamme,2500,38.6,Faible,0,Appareil conforme au besoin,1,Milieu de gamme,1,Milieu de gamme,0.9966
Orange Maroc,RH,Usage intensif,Premium,7000,94.2,Critique,1,Appareil coûteux : réserver aux profils premium,3,Premium,3,Premium,0.9997
Orange Maroc,RH,Usage intensif,Entrée de gamme,1200,24.2,Faible,0,Appareil conforme au besoin,0,Entrée de gamme,0,Entrée de gamme,0.9868
inwi,Commercial,Usage standard,Milieu de gamme,2500,43.5,Moyen,0,Appareil conforme au besoin,1,Milieu de gamme,1,Milieu de gamme,0.9754
Maroc Telecom,Direction,Usage basique,Premium,7000,98.4,Critique,1,Appareil coûteux : réserver aux profils premium,3,Premium,3,Premium,0.997
inwi,IT,Usage intensif,Entrée de gamme,1200,22.2,Faible,0,Appareil conforme au besoin,0,Entrée de gamme,0,Entrée de gamme,0.9993
inwi,Support,Usage standard,Haut de gamme,4500,61.6,Élevé,1,Vérifier la pertinence budgétaire pour ce département,2,Haut de gamme,2,Haut de gamme,0.9855
Maroc Telecom,Finance,Usage basique,Entrée de gamme,1200,16.9,Faible,0,Appareil conforme au besoin,0,Entrée de gamme,0,Entrée de gamme,0.9998
inwi,RH,Usage intensif,Haut de gamme,4500,63.3,Élevé,1,Vérifier la pertinence budgétaire pour ce département,2,Haut de gamme,2,Haut de gamme,0.8632
Maroc Telecom,IT,Usage basique,Haut de gamme,4500,69.3,Élevé,1,Vérifier la pertinence budgétaire pour ce département,2,Haut de gamme,2,Haut de gamme,0.9616
Maroc Telecom,Finance,Usage standard,Haut de gamme,4500,61.1,Élevé,1,Vérifier la pertinence budgétaire pour ce département,2,Haut de gamme,2,Haut de gamme,0.9324
Orange Maroc,Commercial,Usage standard,Haut de gamme,4500,63.6,Élevé,1,Vérifier la pertinence budgétaire pour ce département,2,Haut de gamme,2,Haut de gamme,0.9938
Maroc Telecom,IT,Usage basique,Haut de gamme,4500,63.5,Élevé,1,Vérifier la pertinence budgétaire pour ce département,2,Haut de gamme,2,Haut de gamme,0.8122
inwi,Commercial,Usage premium,Entrée de gamme,1200,23.0,Faible,0,Appareil conforme au besoin,0,Entrée de gamme,0,Entrée de gamme,0.9991
inwi,Direction,Usage basique,Entrée de gamme,1200,23.7,Faible,0,Appareil conforme au besoin,0,Entrée de gamme,0,Entrée de gamme,0.9974
Orange Maroc,IT,Usage basique,Haut de gamme,4500,67.7,Élevé,1,Vérifier la pertinence budgétaire pour ce département,2,Haut de gamme,2,Haut de gamme,0.8662
Maroc Telecom,Support,Usage basique,Milieu de gamme,2500,40.7,Moyen,0,Appareil conforme au besoin,1,Milieu de gamme,1,Milieu de gamme,0.9717
Maroc Telecom,RH,Usage intensif,Haut de gamme,4500,63.2,Élevé,1,Vérifier la pertinence budgétaire pour ce département,2,Haut de gamme,2,Haut de gamme,0.9969
Orange Maroc,Commercial,Usage standard,Entrée de gamme,1200,21.3,Faible,0,Appareil conforme au besoin,0,Entrée de gamme,0,Entrée de gamme,0.9992
inwi,Finance,Usage standard,Premium,7000,91.4,Critique,1,Appareil coûteux : réserver aux profils premium,3,Premium,3,Premium,0.9978
Orange Maroc,IT,Usage basique,Milieu de gamme,2500,40.1,Moyen,0,Appareil conforme au besoin,1,Milieu de gamme,1,Milieu de gamme,0.8698
Maroc Telecom,IT,Usage basique,Premium,7000,89.3,Critique,1,Appareil coûteux : réserver aux profils premium,3,Premium,3,Premium,0.9921
Orange Maroc,IT,Usage standard,Haut de gamme,4500,62.0,Élevé,1,Vérifier la pertinence budgétaire pour ce département,2,Haut de gamme,2,Haut de gamme,0.9875
Orange Maroc,Finance,Usage intensif,Haut de gamme,4500,62.9,Élevé,1,Vérifier la pertinence budgétaire pour ce département,2,Haut de gamme,2,Haut de gamme,0.9888
inwi,Commercial,Usage premium,Premium,7000,92.1,Critique,1,Appareil coûteux : réserver aux profils premium,3,Premium,2,Haut de gamme,0.8994
Maroc Telecom,Support,Usage basique,Haut de gamme,4500,62.1,Élevé,1,Vérifier la pertinence budgétaire pour ce département,2,Haut de gamme,2,Haut de gamme,0.9799
inwi,Support,Usage standard,Entrée de gamme,1200,19.5,Faible,0,Appareil conforme au besoin,0,Entrée de gamme,0,Entrée de gamme,0.9998
Orange Maroc,Commercial,Usage premium,Premium,7000,94.3,Critique,1,Appareil coûteux : réserver aux profils premium,3,Premium,3,Premium,0.8237
inwi,IT,Usage standard,Premium,7000,96.2,Critique,1,Appareil coûteux : réserver aux profils premium,3,Premium,3,Premium,0.9969
Maroc Telecom,Finance,Usage intensif,Milieu de gamme,2500,35.8,Faible,0,Appareil conforme au besoin,1,Milieu de gamme,1,Milieu de gamme,0.9742
Orange Maroc,Finance,Usage basique,Entrée de gamme,1200,17.9,Faible,0,Appareil conforme au besoin,0,Entrée de gamme,0,Entrée de gamme,0.9998
inwi,Finance,Usage premium,Entrée de gamme,1200,22.5,Faible,0,Appareil conforme au besoin,0,Entrée de gamme,0,Entrée de gamme,0.9974
Maroc Telecom,Commercial,Usage intensif,Premium,7000,91.7,Critique,1,Appareil coûteux : réserver aux profils premium,3,Premium,3,Premium,0.9865
inwi,Commercial,Usage premium,Haut de gamme,4500,61.2,Élevé,1,Vérifier la pertinence budgétaire pour ce département,2,Haut de gamme,2,Haut de gamme,0.9816
Orange Maroc,RH,Usage intensif,Haut de gamme,4500,65.7,Élevé,1,Vérifier la pertinence budgétaire pour ce département,2,Haut de gamme,2,Haut de gamme,0.9944
Maroc Telecom,RH,Usage standard,Entrée de gamme,1200,22.9,Faible,0,Appareil conforme au besoin,0,Entrée de gamme,0,Entrée de gamme,0.9992
Maroc Telecom,Support,Usage premium,Premium,7000,92.1,Critique,1,Appareil coûteux : réserver aux profils premium,3,Premium,3,Premium,0.9992
Orange Maroc,Support,Usage standard,Haut de gamme,4500,66.9,Élevé,1,Vérifier la pertinence budgétaire pour ce département,2,Haut de gamme,2,Haut de gamme,0.9587
Maroc Telecom,Finance,Usage standard,Entrée de gamme,1200,21.2,Faible,0,Appareil conforme au besoin,0,Entrée de gamme,0,Entrée de gamme,0.9999
Orange Maroc,Direction,Usage intensif,Premium,7000,90.4,Critique,1,Appareil coûteux : réserver aux profils premium,3,Premium,3,Premium,0.9712
Maroc Telecom,Direction,Usage intensif,Haut de gamme,4500,64.2,Élevé,1,Vérifier la pertinence budgétaire pour ce département,2,Haut de gamme,2,Haut de gamme,0.9946
Orange Maroc,Finance,Usage premium,Entrée de gamme,1200,19.2,Faible,0,Appareil conforme au besoin,0,Entrée de gamme,0,Entrée de gamme,0.9779
Maroc Telecom,RH,Usage basique,Milieu de gamme,2500,38.6,Faible,0,Appareil conforme au besoin,1,Milieu de gamme,1,Milieu de gamme,0.9858
inwi,Commercial,Usage intensif,Haut de gamme,4500,61.5,Élevé,1,Vérifier la pertinence budgétaire pour ce département,2,Haut de gamme,2,Haut de gamme,0.7137
inwi,Direction,Usage intensif,Haut de gamme,4500,65.6,Élevé,1,Vérifier la pertinence budgétaire pour ce département,2,Haut de gamme,2,Haut de gamme,0.9894
inwi,Support,Usage basique,Milieu de gamme,2500,39.9,Faible,0,Appareil conforme au besoin,1,Milieu de gamme,1,Milieu de gamme,0.9964
Orange Maroc,IT,Usage standard,Entrée de gamme,1200,22.6,Faible,0,Appareil conforme au besoin,0,Entrée de gamme,0,Entrée de gamme,0.9922
Maroc Telecom,RH,Usage standard,Haut de gamme,4500,66.0,Élevé,1,Vérifier la pertinence budgétaire pour ce département,2,Haut de gamme,2,Haut de gamme,0.9875
inwi,Commercial,Usage standard,Entrée de gamme,1200,19.5,Faible,0,Appareil conforme au besoin,0,Entrée de gamme,0,Entrée de gamme,0.9993
Maroc Telecom,Commercial,Usage premium,Haut de gamme,4500,65.6,Élevé,1,Vérifier la pertinence budgétaire pour ce département,2,Haut de gamme,2,Haut de gamme,0.9852
Maroc Telecom,Finance,Usage intensif,Milieu de gamme,2500,39.1,Faible,0,Appareil conforme au besoin,1,Milieu de gamme,1,Milieu de gamme,0.9964
Maroc Telecom,Support,Usage intensif,Haut de gamme,4500,65.3,Élevé,1,Vérifier la pertinence budgétaire pour ce département,2,Haut de gamme,2,Haut de gamme,0.9892
Orange Maroc,Commercial,Usage premium,Milieu de gamme,2500,42.3,Moyen,0,Appareil conforme au besoin,1,Milieu de gamme,1,Milieu de gamme,0.933
inwi,Support,Usage standard,Milieu de gamme,2500,39.8,Faible,0,Appareil conforme au besoin,1,Milieu de gamme,1,Milieu de gamme,0.9924
Orange Maroc,Support,Usage intensif,Premium,7000,97.3,Critique,1,Appareil coûteux : réserver aux profils premium,3,Premium,3,Premium,0.999
Maroc Telecom,Support,Usage standard,Entrée de gamme,1200,19.6,Faible,0,Appareil conforme au besoin,0,Entrée de gamme,0,Entrée de gamme,0.9999
Maroc Telecom,RH,Usage premium,Milieu de gamme,2500,41.7,Moyen,0,Appareil conforme au besoin,1,Milieu de gamme,1,Milieu de gamme,0.9635
inwi,Commercial,Usage basique,Milieu de gamme,2500,38.4,Faible,0,Appareil conforme au besoin,1,Milieu de gamme,1,Milieu de gamme,0.93
Maroc Telecom,IT,Usage premium,Haut de gamme,4500,66.0,Élevé,1,Vérifier la pertinence budgétaire pour ce département,2,Haut de gamme,2,Haut de gamme,0.9649
Orange Maroc,Commercial,Usage basique,Entrée de gamme,1200,18.0,Faible,0,Appareil conforme au besoin,0,Entrée de gamme,0,Entrée de gamme,0.9995
Maroc Telecom,IT,Usage standard,Premium,7000,94.2,Critique,1,Appareil coûteux : réserver aux profils premium,3,Premium,3,Premium,0.9996
inwi,Commercial,Usage intensif,Milieu de gamme,2500,40.3,Moyen,0,Appareil conforme au besoin,1,Milieu de gamme,1,Milieu de gamme,0.9904
Orange Maroc,Finance,Usage standard,Haut de gamme,4500,62.8,Élevé,1,Vérifier la pertinence budgétaire pour ce département,2,Haut de gamme,2,Haut de gamme,0.9857
Maroc Telecom,IT,Usage intensif,Haut de gamme,4500,65.1,Élevé,1,Vérifier la pertinence budgétaire pour ce département,2,Haut de gamme,2,Haut de gamme,0.9478
Maroc Telecom,IT,Usage standard,Milieu de gamme,2500,38.5,Faible,0,Appareil conforme au besoin,1,Milieu de gamme,1,Milieu de gamme,0.9945
Orange Maroc,IT,Usage intensif,Premium,7000,92.5,Critique,1,Appareil coûteux : réserver aux profils premium,3,Premium,3,Premium,0.9786
Orange Maroc,Support,Usage basique,Haut de gamme,4500,66.5,Élevé,1,Vérifier la pertinence budgétaire pour ce département,2,Haut de gamme,2,Haut de gamme,0.9643
Maroc Telecom,Support,Usage basique,Entrée de gamme,1200,21.1,Faible,0,Appareil conforme au besoin,0,Entrée de gamme,0,Entrée de gamme,0.9997
inwi,Commercial,Usage standard,Haut de gamme,4500,65.7,Élevé,1,Vérifier la pertinence budgétaire pour ce département,2,Haut de gamme,2,Haut de gamme,0.9807
Maroc Telecom,IT,Usage standard,Haut de gamme,4500,61.1,Élevé,1,Vérifier la pertinence budgétaire pour ce département,2,Haut de gamme,2,Haut de gamme,0.9638
Maroc Telecom,IT,Usage basique,Haut de gamme,4500,63.5,Élevé,1,Vérifier la pertinence budgétaire pour ce département,2,Haut de gamme,2,Haut de gamme,0.7266
inwi,IT,Usage standard,Premium,7000,89.5,Critique,1,Appareil coûteux : réserver aux profils premium,3,Premium,3,Premium,0.9552
Maroc Telecom,IT,Usage standard,Entrée de gamme,1200,20.9,Faible,0,Appareil conforme au besoin,0,Entrée de gamme,0,Entrée de gamme,0.99
Orange Maroc,Support,Usage basique,Entrée de gamme,1200,18.3,Faible,0,Appareil conforme au besoin,0,Entrée de gamme,0,Entrée de gamme,0.9855
Maroc Telecom,Finance,Usage standard,Premium,7000,91.5,Critique,1,Appareil coûteux : réserver aux profils premium,3,Premium,3,Premium,0.9953
Maroc Telecom,RH,Usage premium,Haut de gamme,4500,65.0,Élevé,1,Vérifier la pertinence budgétaire pour ce département,2,Haut de gamme,2,Haut de gamme,0.9951
inwi,IT,Usage basique,Milieu de gamme,2500,37.0,Faible,0,Appareil conforme au besoin,1,Milieu de gamme,1,Milieu de gamme,0.9712
Maroc Telecom,Finance,Usage standard,Haut de gamme,4500,64.2,Élevé,1,Vérifier la pertinence budgétaire pour ce département,2,Haut de gamme,2,Haut de gamme,0.9966
inwi,Commercial,Usage intensif,Entrée de gamme,1200,16.8,Faible,0,Appareil conforme au besoin,0,Entrée de gamme,0,Entrée de gamme,0.9999
Maroc Telecom,Commercial,Usage standard,Entrée de gamme,1200,19.0,Faible,0,Appareil conforme au besoin,0,Entrée de gamme,0,Entrée de gamme,0.9998
Maroc Telecom,Finance,Usage intensif,Haut de gamme,4500,64.5,Élevé,1,Vérifier la pertinence budgétaire pour ce département,2,Haut de gamme,2,Haut de gamme,0.9807
Maroc Telecom,IT,Usage standard,Premium,7000,95.1,Critique,1,Appareil coûteux : réserver aux profils premium,3,Premium,3,Premium,0.9999
Orange Maroc,RH,Usage standard,Haut de gamme,4500,62.8,Élevé,1,Vérifier la pertinence budgétaire pour ce département,2,Haut de gamme,2,Haut de gamme,0.9821
Maroc Telecom,Finance,Usage basique,Entrée de gamme,1200,24.7,Faible,0,Appareil conforme au besoin,0,Entrée de gamme,0,Entrée de gamme,0.9964
inwi,Finance,Usage intensif,Entrée de gamme,1200,23.0,Faible,0,Appareil conforme au besoin,0,Entrée de gamme,0,Entrée de gamme,0.9991
Orange Maroc,Direction,Usage intensif,Entrée de gamme,1200,24.2,Faible,0,Appareil conforme au besoin,0,Entrée de gamme,0,Entrée de gamme,0.9931
inwi,Commercial,Usage basique,Haut de gamme,4500,63.6,Élevé,1,Vérifier la pertinence budgétaire pour ce département,2,Haut de gamme,2,Haut de gamme,0.8522
Maroc Telecom,Commercial,Usage standard,Premium,7000,92.5,Critique,1,Appareil coûteux : réserver aux profils premium,3,Premium,3,Premium,0.9993
inwi,RH,Usage premium,Entrée de gamme,1200,24.3,Faible,0,Appareil conforme au besoin,0,Entrée de gamme,0,Entrée de gamme,0.9941
inwi,RH,Usage standard,Haut de gamme,4500,64.3,Élevé,1,Vérifier la pertinence budgétaire pour ce département,2,Haut de gamme,2,Haut de gamme,0.9652
inwi,Commercial,Usage standard,Haut de gamme,4500,64.1,Élevé,1,Vérifier la pertinence budgétaire pour ce département,2,Haut de gamme,2,Haut de gamme,0.9969
inwi,Commercial,Usage premium,Milieu de gamme,2500,38.2,Faible,0,Appareil conforme au besoin,1,Milieu de gamme,1,Milieu de gamme,0.9977
inwi,Support,Usage intensif,Milieu de gamme,2500,37.7,Faible,0,Appareil conforme au besoin,1,Milieu de gamme,1,Milieu de gamme,0.985
Orange Maroc,IT,Usage standard,Milieu de gamme,2500,37.7,Faible,0,Appareil conforme au besoin,1,Milieu de gamme,1,Milieu de gamme,0.9854
Maroc Telecom,Commercial,Usage intensif,Haut de gamme,4500,61.2,Élevé,1,Vérifier la pertinence budgétaire pour ce département,2,Haut de gamme,2,Haut de gamme,0.8357
Maroc Telecom,RH,Usage premium,Milieu de gamme,2500,36.1,Faible,0,Appareil conforme au besoin,1,Milieu de gamme,1,Milieu de gamme,0.9606
inwi,Support,Usage standard,Entrée de gamme,1200,24.0,Faible,0,Appareil conforme au besoin,0,Entrée de gamme,0,Entrée de gamme,0.9958
Orange Maroc,Commercial,Usage standard,Haut de gamme,4500,59.4,Moyen,0,Appareil conforme au besoin,2,Haut de gamme,2,Haut de gamme,0.9868
inwi,Commercial,Usage standard,Milieu de gamme,2500,41.0,Moyen,0,Appareil conforme au besoin,1,Milieu de gamme,1,Milieu de gamme,0.9928
Orange Maroc,IT,Usage premium,Premium,7000,93.8,Critique,1,Appareil coûteux : réserver aux profils premium,3,Premium,3,Premium,0.995
Maroc Telecom,Commercial,Usage intensif,Premium,7000,91.7,Critique,1,Appareil coûteux : réserver aux profils premium,3,Premium,3,Premium,0.9811
Maroc Telecom,IT,Usage basique,Entrée de gamme,1200,17.6,Faible,0,Appareil conforme au besoin,0,Entrée de gamme,0,Entrée de gamme,0.9989
Orange Maroc,RH,Usage premium,Entrée de gamme,1200,20.8,Faible,0,Appareil conforme au besoin,0,Entrée de gamme,0,Entrée de gamme,0.9984
Maroc Telecom,IT,Usage standard,Haut de gamme,4500,66.3,Élevé,1,Vérifier la pertinence budgétaire pour ce département,2,Haut de gamme,2,Haut de gamme,0.9922
Maroc Telecom,Commercial,Usage basique,Premium,7000,94.3,Critique,1,Appareil coûteux : réserver aux profils premium,3,Premium,3,Premium,0.981
Orange Maroc,Finance,Usage standard,Milieu de gamme,2500,42.4,Moyen,0,Appareil conforme au besoin,1,Milieu de gamme,1,Milieu de gamme,0.9849
Maroc Telecom,RH,Usage standard,Premium,7000,95.1,Critique,1,Appareil coûteux : réserver aux profils premium,3,Premium,3,Premium,0.9952
Orange Maroc,Support,Usage premium,Milieu de gamme,2500,42.2,Moyen,0,Appareil conforme au besoin,1,Milieu de gamme,1,Milieu de gamme,0.987
Maroc Telecom,Finance,Usage basique,Entrée de gamme,1200,20.0,Faible,0,Appareil conforme au besoin,0,Entrée de gamme,0,Entrée de gamme,0.9999
inwi,Commercial,Usage intensif,Premium,7000,95.2,Critique,1,Appareil coûteux : réserver aux profils premium,3,Premium,3,Premium,0.9998
Maroc Telecom,RH,Usage standard,Premium,7000,96.7,Critique,1,Appareil coûteux : réserver aux profils premium,3,Premium,3,Premium,0.9999
Orange Maroc,IT,Usage basique,Entrée de gamme,1200,21.2,Faible,0,Appareil conforme au besoin,0,Entrée de gamme,0,Entrée de gamme,0.9887
Maroc Telecom,Support,Usage premium,Milieu de gamme,2500,38.7,Faible,0,Appareil conforme au besoin,1,Milieu de gamme,1,Milieu de gamme,0.9974
Maroc Telecom,IT,Usage standard,Premium,7000,88.1,Critique,1,Appareil coûteux : réserver aux profils premium,3,Premium,3,Premium,0.9601
Maroc Telecom,Commercial,Usage standard,Milieu de gamme,2500,35.8,Faible,0,Appareil conforme au besoin,1,Milieu de gamme,1,Milieu de gamme,0.9627
Orange Maroc,Commercial,Usage standard,Milieu de gamme,2500,34.8,Faible,0,Appareil conforme au besoin,1,Milieu de gamme,1,Milieu de gamme,0.9385
Orange Maroc,Commercial,Usage premium,Haut de gamme,4500,66.0,Élevé,1,Vérifier la pertinence budgétaire pour ce département,2,Haut de gamme,2,Haut de gamme,0.9714
Maroc Telecom,Commercial,Usage standard,Premium,7000,94.4,Critique,1,Appareil coûteux : réserver aux profils premium,3,Premium,3,Premium,0.9988
Orange Maroc,Finance,Usage basique,Entrée de gamme,1200,24.0,Faible,0,Appareil conforme au besoin,0,Entrée de gamme,0,Entrée de gamme,0.9708
inwi,IT,Usage basique,Premium,7000,92.5,Critique,1,Appareil coûteux : réserver aux profils premium,3,Premium,3,Premium,0.9883
inwi,Support,Usage standard,Entrée de gamme,1200,19.3,Faible,0,Appareil conforme au besoin,0,Entrée de gamme,0,Entrée de gamme,0.9992
Maroc Telecom,Commercial,Usage intensif,Milieu de gamme,2500,40.5,Moyen,0,Appareil conforme au besoin,1,Milieu de gamme,1,Milieu de gamme,0.7311
Orange Maroc,Support,Usage standard,Milieu de gamme,2500,42.3,Moyen,0,Appareil conforme au besoin,1,Milieu de gamme,1,Milieu de gamme,0.9927
Maroc Telecom,Support,Usage basique,Premium,7000,96.1,Critique,1,Appareil coûteux : réserver aux profils premium,3,Premium,3,Premium,0.9986
Maroc Telecom,Support,Usage basique,Haut de gamme,4500,63.8,Élevé,1,Vérifier la pertinence budgétaire pour ce département,2,Haut de gamme,2,Haut de gamme,0.9945
inwi,Commercial,Usage standard,Entrée de gamme,1200,23.3,Faible,0,Appareil conforme au besoin,0,Entrée de gamme,0,Entrée de gamme,0.9994
Maroc Telecom,RH,Usage premium,Entrée de gamme,1200,20.2,Faible,0,Appareil conforme au besoin,0,Entrée de gamme,0,Entrée de gamme,0.9998
Orange Maroc,Support,Usage standard,Premium,7000,96.1,Critique,1,Appareil coûteux : réserver aux profils premium,3,Premium,3,Premium,0.9998
Orange Maroc,Commercial,Usage premium,Milieu de gamme,2500,38.5,Faible,0,Appareil conforme au besoin,1,Milieu de gamme,1,Milieu de gamme,0.9715
Orange Maroc,Finance,Usage standard,Premium,7000,95.4,Critique,1,Appareil coûteux : réserver aux profils premium,3,Premium,3,Premium,0.9998
Orange Maroc,Support,Usage basique,Milieu de gamme,2500,37.6,Faible,0,Appareil conforme au besoin,1,Milieu de gamme,1,Milieu de gamme,0.9928
Maroc Telecom,Support,Usage premium,Haut de gamme,4500,62.4,Élevé,1,Vérifier la pertinence budgétaire pour ce département,2,Haut de gamme,2,Haut de gamme,0.9934
Maroc Telecom,Commercial,Usage standard,Haut de gamme,4500,60.0,Élevé,1,Vérifier la pertinence budgétaire pour ce département,2,Haut de gamme,2,Haut de gamme,0.9502
Orange Maroc,IT,Usage intensif,Premium,7000,93.9,Critique,1,Appareil coûteux : réserver aux profils premium,3,Premium,3,Premium,0.9882
Maroc Telecom,RH,Usage premium,Entrée de gamme,1200,17.2,Faible,0,Appareil conforme au besoin,0,Entrée de gamme,0,Entrée de gamme,0.9995
Maroc Telecom,Support,Usage basique,Premium,7000,93.7,Critique,1,Appareil coûteux : réserver aux profils premium,3,Premium,3,Premium,0.9988
Maroc Telecom,Direction,Usage basique,Milieu de gamme,2500,38.3,Faible,0,Appareil conforme au besoin,1,Milieu de gamme,1,Milieu de gamme,0.9686
Maroc Telecom,Finance,Usage intensif,Milieu de gamme,2500,37.6,Faible,0,Appareil conforme au besoin,1,Milieu de gamme,1,Milieu de gamme,0.9826
Maroc Telecom,IT,Usage standard,Entrée de gamme,1200,20.8,Faible,0,Appareil conforme au besoin,0,Entrée de gamme,0,Entrée de gamme,0.9986
Maroc Telecom,Support,Usage basique,Premium,7000,92.1,Critique,1,Appareil coûteux : réserver aux profils premium,3,Premium,3,Premium,0.9952
Orange Maroc,RH,Usage basique,Entrée de gamme,1200,25.3,Faible,0,Appareil conforme au besoin,0,Entrée de gamme,0,Entrée de gamme,0.9313
Orange Maroc,Commercial,Usage basique,Haut de gamme,4500,60.7,Élevé,1,Vérifier la pertinence budgétaire pour ce département,2,Haut de gamme,2,Haut de gamme,0.9455
inwi,Direction,Usage intensif,Entrée de gamme,1200,16.8,Faible,0,Appareil conforme au besoin,0,Entrée de gamme,0,Entrée de gamme,0.998
Maroc Telecom,IT,Usage basique,Haut de gamme,4500,64.0,Élevé,1,Vérifier la pertinence budgétaire pour ce département,2,Haut de gamme,2,Haut de gamme,0.9857
Maroc Telecom,Commercial,Usage standard,Haut de gamme,4500,65.0,Élevé,1,Vérifier la pertinence budgétaire pour ce département,2,Haut de gamme,2,Haut de gamme,0.9456
Maroc Telecom,IT,Usage intensif,Premium,7000,93.3,Critique,1,Appareil coûteux : réserver aux profils premium,3,Premium,3,Premium,0.9991
Orange Maroc,RH,Usage standard,Haut de gamme,4500,63.6,Élevé,1,Vérifier la pertinence budgétaire pour ce département,2,Haut de gamme,2,Haut de gamme,0.9908
Orange Maroc,Support,Usage basique,Entrée de gamme,1200,18.5,Faible,0,Appareil conforme au besoin,0,Entrée de gamme,0,Entrée de gamme,0.9998
Maroc Telecom,RH,Usage intensif,Premium,7000,92.2,Critique,1,Appareil coûteux : réserver aux profils premium,3,Premium,3,Premium,0.997
inwi,Direction,Usage basique,Milieu de gamme,2500,40.5,Moyen,0,Appareil conforme au besoin,1,Milieu de gamme,1,Milieu de gamme,0.9882
Maroc Telecom,Commercial,Usage intensif,Entrée de gamme,1200,25.1,Faible,0,Appareil conforme au besoin,0,Entrée de gamme,0,Entrée de gamme,0.9985
Orange Maroc,Finance,Usage premium,Premium,7000,91.5,Critique,1,Appareil coûteux : réserver aux profils premium,3,Premium,3,Premium,0.6621
Orange Maroc,Finance,Usage standard,Premium,7000,94.9,Critique,1,Appareil coûteux : réserver aux profils premium,3,Premium,3,Premium,0.9992
inwi,RH,Usage standard,Milieu de gamme,2500,40.6,Moyen,0,Appareil conforme au besoin,1,Milieu de gamme,1,Milieu de gamme,0.9601
Orange Maroc,RH,Usage standard,Milieu de gamme,2500,38.9,Faible,0,Appareil conforme au besoin,1,Milieu de gamme,1,Milieu de gamme,0.997
inwi,IT,Usage standard,Entrée de gamme,1200,24.7,Faible,0,Appareil conforme au besoin,0,Entrée de gamme,0,Entrée de gamme,0.9537
Maroc Telecom,RH,Usage premium,Premium,7000,95.4,Critique,1,Appareil coûteux : réserver aux profils premium,3,Premium,3,Premium,0.9999
inwi,Commercial,Usage premium,Milieu de gamme,2500,42.8,Moyen,0,Appareil conforme au besoin,1,Milieu de gamme,1,Milieu de gamme,0.9623
Maroc Telecom,Support,Usage standard,Premium,7000,91.5,Critique,1,Appareil coûteux : réserver aux profils premium,3,Premium,3,Premium,0.9964
inwi,Commercial,Usage intensif,Milieu de gamme,2500,38.7,Faible,0,Appareil conforme au besoin,1,Milieu de gamme,1,Milieu de gamme,0.9957
Orange Maroc,Support,Usage premium,Milieu de gamme,2500,37.1,Faible,0,Appareil conforme au besoin,1,Milieu de gamme,1,Milieu de gamme,0.9877
inwi,IT,Usage premium,Haut de gamme,4500,66.8,Élevé,1,Vérifier la pertinence budgétaire pour ce département,2,Haut de gamme,2,Haut de gamme,0.9568
Orange Maroc,Finance,Usage standard,Entrée de gamme,1200,23.4,Faible,0,Appareil conforme au besoin,0,Entrée de gamme,0,Entrée de gamme,0.9915
Orange Maroc,Commercial,Usage standard,Milieu de gamme,2500,36.8,Faible,0,Appareil conforme au besoin,1,Milieu de gamme,1,Milieu de gamme,0.5303
Orange Maroc,Commercial,Usage standard,Premium,7000,97.9,Critique,1,Appareil coûteux : réserver aux profils premium,3,Premium,3,Premium,0.9999
Orange Maroc,IT,Usage premium,Premium,7000,94.8,Critique,1,Appareil coûteux : réserver aux profils premium,3,Premium,3,Premium,0.9993
Maroc Telecom,Support,Usage basique,Premium,7000,95.3,Critique,1,Appareil coûteux : réserver aux profils premium,3,Premium,3,Premium,0.9836
Maroc Telecom,Support,Usage standard,Premium,7000,94.4,Critique,1,Appareil coûteux : réserver aux profils premium,3,Premium,3,Premium,0.9996
Maroc Telecom,Commercial,Usage standard,Milieu de gamme,2500,40.2,Moyen,0,Appareil conforme au besoin,1,Milieu de gamme,1,Milieu de gamme,0.9903
Maroc Telecom,IT,Usage standard,Premium,7000,94.7,Critique,1,Appareil coûteux : réserver aux profils premium,3,Premium,3,Premium,0.9464
inwi,Support,Usage standard,Entrée de gamme,1200,23.4,Faible,0,Appareil conforme au besoin,0,Entrée de gamme,0,Entrée de gamme,0.9932
Maroc Telecom,Commercial,Usage premium,Milieu de gamme,2500,38.6,Faible,0,Appareil conforme au besoin,1,Milieu de gamme,1,Milieu de gamme,0.9818
inwi,Support,Usage basique,Milieu de gamme,2500,40.0,Moyen,0,Appareil conforme au besoin,1,Milieu de gamme,1,Milieu de gamme,0.9966
Maroc Telecom,Support,Usage standard,Entrée de gamme,1200,23.2,Faible,0,Appareil conforme au besoin,0,Entrée de gamme,0,Entrée de gamme,0.983
Maroc Telecom,Support,Usage basique,Milieu de gamme,2500,38.2,Faible,0,Appareil conforme au besoin,1,Milieu de gamme,1,Milieu de gamme,0.9805
inwi,Commercial,Usage basique,Premium,7000,92.2,Critique,1,Appareil coûteux : réserver aux profils premium,3,Premium,3,Premium,0.9589
Orange Maroc,IT,Usage standard,Milieu de gamme,2500,38.2,Faible,0,Appareil conforme au besoin,1,Milieu de gamme,1,Milieu de gamme,0.9983
Orange Maroc,Commercial,Usage standard,Milieu de gamme,2500,38.0,Faible,0,Appareil conforme au besoin,1,Milieu de gamme,1,Milieu de gamme,0.9911
Orange Maroc,Commercial,Usage standard,Haut de gamme,4500,65.4,Élevé,1,Vérifier la pertinence budgétaire pour ce département,2,Haut de gamme,2,Haut de gamme,0.9959
Orange Maroc,Support,Usage standard,Milieu de gamme,2500,37.4,Faible,0,Appareil conforme au besoin,1,Milieu de gamme,1,Milieu de gamme,0.9633
Maroc Telecom,IT,Usage basique,Milieu de gamme,2500,37.7,Faible,0,Appareil conforme au besoin,1,Milieu de gamme,1,Milieu de gamme,0.9797
inwi,Finance,Usage standard,Milieu de gamme,2500,41.5,Moyen,0,Appareil conforme au besoin,1,Milieu de gamme,1,Milieu de gamme,0.9866
inwi,Support,Usage premium,Milieu de gamme,2500,38.9,Faible,0,Appareil conforme au besoin,1,Milieu de gamme,1,Milieu de gamme,0.991
Orange Maroc,Support,Usage premium,Haut de gamme,4500,63.9,Élevé,1,Vérifier la pertinence budgétaire pour ce département,2,Haut de gamme,2,Haut de gamme,0.9817
Maroc Telecom,Direction,Usage standard,Haut de gamme,4500,67.6,Élevé,1,Vérifier la pertinence budgétaire pour ce département,2,Haut de gamme,2,Haut de gamme,0.9946
Orange Maroc,Support,Usage standard,Haut de gamme,4500,61.4,Élevé,1,Vérifier la pertinence budgétaire pour ce département,2,Haut de gamme,1,Milieu de gamme,0.7947
Maroc Telecom,Commercial,Usage premium,Premium,7000,98.8,Critique,1,Appareil coûteux : réserver aux profils premium,3,Premium,3,Premium,0.9928
Maroc Telecom,Commercial,Usage basique,Premium,7000,95.7,Critique,1,Appareil coûteux : réserver aux profils premium,3,Premium,3,Premium,0.9829
Maroc Telecom,Support,Usage intensif,Haut de gamme,4500,60.2,Élevé,1,Vérifier la pertinence budgétaire pour ce département,2,Haut de gamme,2,Haut de gamme,0.978
Orange Maroc,Commercial,Usage premium,Milieu de gamme,2500,43.4,Moyen,0,Appareil conforme au besoin,1,Milieu de gamme,1,Milieu de gamme,0.8622
inwi,Commercial,Usage basique,Milieu de gamme,2500,42.0,Moyen,0,Appareil conforme au besoin,1,Milieu de gamme,1,Milieu de gamme,0.9929
Orange Maroc,IT,Usage basique,Haut de gamme,4500,62.1,Élevé,1,Vérifier la pertinence budgétaire pour ce département,2,Haut de gamme,2,Haut de gamme,0.9427
Orange Maroc,Commercial,Usage premium,Milieu de gamme,2500,41.2,Moyen,0,Appareil conforme au besoin,1,Milieu de gamme,1,Milieu de gamme,0.9823
Maroc Telecom,Support,Usage standard,Haut de gamme,4500,64.3,Élevé,1,Vérifier la pertinence budgétaire pour ce département,2,Haut de gamme,2,Haut de gamme,0.9973
Maroc Telecom,Finance,Usage basique,Premium,7000,93.9,Critique,1,Appareil coûteux : réserver aux profils premium,3,Premium,3,Premium,0.9977
Maroc Telecom,Finance,Usage standard,Haut de gamme,4500,65.6,Élevé,1,Vérifier la pertinence budgétaire pour ce département,2,Haut de gamme,2,Haut de gamme,0.9881
inwi,Finance,Usage standard,Entrée de gamme,1200,22.4,Faible,0,Appareil conforme au besoin,0,Entrée de gamme,0,Entrée de gamme,0.9997
Maroc Telecom,Finance,Usage intensif,Premium,7000,94.0,Critique,1,Appareil coûteux : réserver aux profils premium,3,Premium,3,Premium,0.999
inwi,Finance,Usage intensif,Premium,7000,94.4,Critique,1,Appareil coûteux : réserver aux profils premium,3,Premium,3,Premium,0.9996
Orange Maroc,RH,Usage premium,Milieu de gamme,2500,40.8,Moyen,0,Appareil conforme au besoin,1,Milieu de gamme,1,Milieu de gamme,0.9866
Maroc Telecom,Direction,Usage standard,Haut de gamme,4500,67.0,Élevé,1,Vérifier la pertinence budgétaire pour ce département,2,Haut de gamme,2,Haut de gamme,0.9628
Orange Maroc,Commercial,Usage standard,Premium,7000,90.9,Critique,1,Appareil coûteux : réserver aux profils premium,3,Premium,3,Premium,0.9975
Orange Maroc,Finance,Usage standard,Haut de gamme,4500,66.6,Élevé,1,Vérifier la pertinence budgétaire pour ce département,2,Haut de gamme,2,Haut de gamme,0.985
inwi,IT,Usage standard,Milieu de gamme,2500,38.9,Faible,0,Appareil conforme au besoin,1,Milieu de gamme,1,Milieu de gamme,0.9902
inwi,Commercial,Usage basique,Milieu de gamme,2500,36.9,Faible,0,Appareil conforme au besoin,1,Milieu de gamme,1,Milieu de gamme,0.9934
Maroc Telecom,RH,Usage premium,Haut de gamme,4500,63.6,Élevé,1,Vérifier la pertinence budgétaire pour ce département,2,Haut de gamme,2,Haut de gamme,0.9892
Maroc Telecom,Support,Usage premium,Milieu de gamme,2500,40.5,Moyen,0,Appareil conforme au besoin,1,Milieu de gamme,1,Milieu de gamme,0.9873
Orange Maroc,Commercial,Usage standard,Milieu de gamme,2500,38.9,Faible,0,Appareil conforme au besoin,1,Milieu de gamme,1,Milieu de gamme,0.9422
inwi,Support,Usage intensif,Entrée de gamme,1200,20.2,Faible,0,Appareil conforme au besoin,0,Entrée de gamme,0,Entrée de gamme,0.9999
Maroc Telecom,Finance,Usage basique,Entrée de gamme,1200,21.9,Faible,0,Appareil conforme au besoin,0,Entrée de gamme,0,Entrée de gamme,0.9993
Orange Maroc,Commercial,Usage standard,Entrée de gamme,1200,25.6,Faible,0,Appareil conforme au besoin,0,Entrée de gamme,0,Entrée de gamme,0.9962
Orange Maroc,Finance,Usage intensif,Entrée de gamme,1200,21.4,Faible,0,Appareil conforme au besoin,0,Entrée de gamme,0,Entrée de gamme,0.9993
Orange Maroc,Direction,Usage standard,Haut de gamme,4500,64.1,Élevé,1,Vérifier la pertinence budgétaire pour ce département,2,Haut de gamme,2,Haut de gamme,0.9927
Maroc Telecom,Commercial,Usage premium,Milieu de gamme,2500,40.5,Moyen,0,Appareil conforme au besoin,1,Milieu de gamme,1,Milieu de gamme,0.9746
Orange Maroc,Finance,Usage intensif,Milieu de gamme,2500,39.8,Faible,0,Appareil conforme au besoin,1,Milieu de gamme,1,Milieu de gamme,0.9905
inwi,Finance,Usage standard,Haut de gamme,4500,63.3,Élevé,1,Vérifier la pertinence budgétaire pour ce département,2,Haut de gamme,2,Haut de gamme,0.9924
Maroc Telecom,Finance,Usage intensif,Entrée de gamme,1200,16.7,Faible,0,Appareil conforme au besoin,0,Entrée de gamme,0,Entrée de gamme,0.9995
Maroc Telecom,Commercial,Usage basique,Haut de gamme,4500,61.7,Élevé,1,Vérifier la pertinence budgétaire pour ce département,2,Haut de gamme,2,Haut de gamme,0.9819
inwi,Finance,Usage standard,Entrée de gamme,1200,24.4,Faible,0,Appareil conforme au besoin,0,Entrée de gamme,0,Entrée de gamme,0.973
Maroc Telecom,Commercial,Usage standard,Haut de gamme,4500,61.3,Élevé,1,Vérifier la pertinence budgétaire pour ce département,2,Haut de gamme,2,Haut de gamme,0.9933
inwi,Finance,Usage standard,Haut de gamme,4500,62.7,Élevé,1,Vérifier la pertinence budgétaire pour ce département,2,Haut de gamme,2,Haut de gamme,0.9841
Orange Maroc,Commercial,Usage intensif,Entrée de gamme,1200,23.4,Faible,0,Appareil conforme au besoin,0,Entrée de gamme,0,Entrée de gamme,0.9987
Maroc Telecom,Support,Usage standard,Premium,7000,93.2,Critique,1,Appareil coûteux : réserver aux profils premium,3,Premium,3,Premium,0.9913
inwi,Support,Usage intensif,Milieu de gamme,2500,40.4,Moyen,0,Appareil conforme au besoin,1,Milieu de gamme,1,Milieu de gamme,0.9961
Maroc Telecom,Support,Usage standard,Entrée de gamme,1200,21.3,Faible,0,Appareil conforme au besoin,0,Entrée de gamme,0,Entrée de gamme,0.9793
Orange Maroc,Finance,Usage standard,Premium,7000,92.3,Critique,1,Appareil coûteux : réserver aux profils premium,3,Premium,3,Premium,0.9979
Maroc Telecom,IT,Usage intensif,Entrée de gamme,1200,17.7,Faible,0,Appareil conforme au besoin,0,Entrée de gamme,0,Entrée de gamme,0.9999
Orange Maroc,Commercial,Usage basique,Milieu de gamme,2500,37.0,Faible,0,Appareil conforme au besoin,1,Milieu de gamme,1,Milieu de gamme,0.8481
Maroc Telecom,RH,Usage basique,Premium,7000,92.1,Critique,1,Appareil coûteux : réserver aux profils premium,3,Premium,3,Premium,0.9657
Maroc Telecom,RH,Usage standard,Premium,7000,97.8,Critique,1,Appareil coûteux : réserver aux profils premium,3,Premium,3,Premium,0.9998
inwi,IT,Usage standard,Entrée de gamme,1200,22.9,Faible,0,Appareil conforme au besoin,0,Entrée de gamme,0,Entrée de gamme,0.9993
Maroc Telecom,Finance,Usage basique,Entrée de gamme,1200,24.8,Faible,0,Appareil conforme au besoin,0,Entrée de gamme,0,Entrée de gamme,0.9838
Orange Maroc,IT,Usage intensif,Milieu de gamme,2500,38.7,Faible,0,Appareil conforme au besoin,1,Milieu de gamme,1,Milieu de gamme,0.9915
Maroc Telecom,Support,Usage standard,Milieu de gamme,2500,40.4,Moyen,0,Appareil conforme au besoin,1,Milieu de gamme,1,Milieu de gamme,0.9953
inwi,Finance,Usage standard,Premium,7000,90.4,Critique,1,Appareil coûteux : réserver aux profils premium,3,Premium,3,Premium,0.993
Maroc Telecom,Commercial,Usage premium,Haut de gamme,4500,65.3,Élevé,1,Vérifier la pertinence budgétaire pour ce département,2,Haut de gamme,2,Haut de gamme,0.9694
inwi,IT,Usage standard,Premium,7000,96.8,Critique,1,Appareil coûteux : réserver aux profils premium,3,Premium,3,Premium,0.9983
Orange Maroc,Commercial,Usage premium,Entrée de gamme,1200,22.3,Faible,0,Appareil conforme au besoin,0,Entrée de gamme,0,Entrée de gamme,0.9923
Maroc Telecom,Finance,Usage basique,Haut de gamme,4500,63.0,Élevé,1,Vérifier la pertinence budgétaire pour ce département,2,Haut de gamme,2,Haut de gamme,0.9911
Maroc Telecom,Support,Usage standard,Milieu de gamme,2500,39.8,Faible,0,Appareil conforme au besoin,1,Milieu de gamme,1,Milieu de gamme,0.984
Maroc Telecom,Support,Usage premium,Entrée de gamme,1200,24.3,Faible,0,Appareil conforme au besoin,0,Entrée de gamme,0,Entrée de gamme,0.9758
Orange Maroc,Finance,Usage standard,Entrée de gamme,1200,22.8,Faible,0,Appareil conforme au besoin,0,Entrée de gamme,0,Entrée de gamme,0.9821
Maroc Telecom,Direction,Usage intensif,Entrée de gamme,1200,22.1,Faible,0,Appareil conforme au besoin,0,Entrée de gamme,0,Entrée de gamme,0.9992
inwi,Direction,Usage standard,Entrée de gamme,1200,19.8,Faible,0,Appareil conforme au besoin,0,Entrée de gamme,0,Entrée de gamme,0.9994
Maroc Telecom,Support,Usage basique,Premium,7000,92.4,Critique,1,Appareil coûteux : réserver aux profils premium,3,Premium,3,Premium,0.9975
Maroc Telecom,Support,Usage standard,Entrée de gamme,1200,18.7,Faible,0,Appareil conforme au besoin,0,Entrée de gamme,0,Entrée de gamme,0.7766
Orange Maroc,Finance,Usage standard,Entrée de gamme,1200,25.5,Faible,0,Appareil conforme au besoin,0,Entrée de gamme,1,Milieu de gamme,0.4998
Orange Maroc,Commercial,Usage premium,Entrée de gamme,1200,22.4,Faible,0,Appareil conforme au besoin,0,Entrée de gamme,0,Entrée de gamme,0.7497
Maroc Telecom,IT,Usage basique,Premium,7000,95.2,Critique,1,Appareil coûteux : réserver aux profils premium,3,Premium,3,Premium,0.9999
Maroc Telecom,IT,Usage premium,Entrée de gamme,1200,23.3,Faible,0,Appareil conforme au besoin,0,Entrée de gamme,0,Entrée de gamme,0.9909
Maroc Telecom,Direction,Usage premium,Haut de gamme,4500,64.4,Élevé,1,Vérifier la pertinence budgétaire pour ce département,2,Haut de gamme,2,Haut de gamme,0.9846
Orange Maroc,Finance,Usage basique,Haut de gamme,4500,65.0,Élevé,1,Vérifier la pertinence budgétaire pour ce département,2,Haut de gamme,2,Haut de gamme,0.9979
Orange Maroc,Support,Usage standard,Entrée de gamme,1200,21.6,Faible,0,Appareil conforme au besoin,0,Entrée de gamme,0,Entrée de gamme,0.9986
Orange Maroc,Support,Usage premium,Milieu de gamme,2500,43.5,Moyen,0,Appareil conforme au besoin,1,Milieu de gamme,1,Milieu de gamme,0.967
inwi,Support,Usage premium,Milieu de gamme,2500,39.8,Faible,0,Appareil conforme au besoin,1,Milieu de gamme,1,Milieu de gamme,0.9946
inwi,Direction,Usage standard,Haut de gamme,4500,66.9,Élevé,1,Vérifier la pertinence budgétaire pour ce département,2,Haut de gamme,2,Haut de gamme,0.7468
Orange Maroc,Finance,Usage standard,Entrée de gamme,1200,23.9,Faible,0,Appareil conforme au besoin,0,Entrée de gamme,0,Entrée de gamme,0.9989
inwi,IT,Usage standard,Entrée de gamme,1200,21.3,Faible,0,Appareil conforme au besoin,0,Entrée de gamme,0,Entrée de gamme,0.9972
Maroc Telecom,RH,Usage intensif,Milieu de gamme,2500,41.5,Moyen,0,Appareil conforme au besoin,1,Milieu de gamme,1,Milieu de gamme,0.8693
Maroc Telecom,IT,Usage standard,Milieu de gamme,2500,40.1,Moyen,0,Appareil conforme au besoin,1,Milieu de gamme,1,Milieu de gamme,0.9325
Maroc Telecom,IT,Usage intensif,Entrée de gamme,1200,22.2,Faible,0,Appareil conforme au besoin,0,Entrée de gamme,0,Entrée de gamme,0.9863
Maroc Telecom,RH,Usage basique,Haut de gamme,4500,62.6,Élevé,1,Vérifier la pertinence budgétaire pour ce département,2,Haut de gamme,2,Haut de gamme,0.9939
Orange Maroc,Support,Usage basique,Haut de gamme,4500,60.6,Élevé,1,Vérifier la pertinence budgétaire pour ce département,2,Haut de gamme,2,Haut de gamme,0.9783
inwi,Commercial,Usage standard,Haut de gamme,4500,64.3,Élevé,1,Vérifier la pertinence budgétaire pour ce département,2,Haut de gamme,2,Haut de gamme,0.9854
Maroc Telecom,Finance,Usage standard,Entrée de gamme,1200,22.2,Faible,0,Appareil conforme au besoin,0,Entrée de gamme,0,Entrée de gamme,0.9975
Maroc Telecom,Commercial,Usage standard,Milieu de gamme,2500,39.2,Faible,0,Appareil conforme au besoin,1,Milieu de gamme,1,Milieu de gamme,0.9943
Orange Maroc,Finance,Usage standard,Premium,7000,92.1,Critique,1,Appareil coûteux : réserver aux profils premium,3,Premium,3,Premium,0.9873
inwi,IT,Usage standard,Entrée de gamme,1200,22.5,Faible,0,Appareil conforme au besoin,0,Entrée de gamme,0,Entrée de gamme,0.9968
Maroc Telecom,Support,Usage basique,Entrée de gamme,1200,19.3,Faible,0,Appareil conforme au besoin,0,Entrée de gamme,0,Entrée de gamme,0.9994
Orange Maroc,Commercial,Usage standard,Haut de gamme,4500,66.2,Élevé,1,Vérifier la pertinence budgétaire pour ce département,2,Haut de gamme,2,Haut de gamme,0.993
Maroc Telecom,Support,Usage premium,Haut de gamme,4500,64.7,Élevé,1,Vérifier la pertinence budgétaire pour ce département,2,Haut de gamme,2,Haut de gamme,0.9936
Maroc Telecom,IT,Usage standard,Premium,7000,93.9,Critique,1,Appareil coûteux : réserver aux profils premium,3,Premium,3,Premium,0.9982
inwi,Support,Usage standard,Milieu de gamme,2500,38.3,Faible,0,Appareil conforme au besoin,1,Milieu de gamme,1,Milieu de gamme,0.9943
inwi,Commercial,Usage standard,Milieu de gamme,2500,38.9,Faible,0,Appareil conforme au besoin,1,Milieu de gamme,1,Milieu de gamme,0.9942
Maroc Telecom,Commercial,Usage premium,Milieu de gamme,2500,40.8,Moyen,0,Appareil conforme au besoin,1,Milieu de gamme,1,Milieu de gamme,0.991
inwi,Commercial,Usage basique,Milieu de gamme,2500,40.8,Moyen,0,Appareil conforme au besoin,1,Milieu de gamme,1,Milieu de gamme,0.9624
Orange Maroc,Support,Usage intensif,Haut de gamme,4500,63.2,Élevé,1,Vérifier la pertinence budgétaire pour ce département,2,Haut de gamme,2,Haut de gamme,0.957
inwi,Commercial,Usage intensif,Milieu de gamme,2500,39.8,Faible,0,Appareil conforme au besoin,1,Milieu de gamme,1,Milieu de gamme,0.9948
Orange Maroc,Commercial,Usage intensif,Milieu de gamme,2500,40.1,Moyen,0,Appareil conforme au besoin,1,Milieu de gamme,1,Milieu de gamme,0.9759
Orange Maroc,Direction,Usage basique,Premium,7000,96.2,Critique,1,Appareil coûteux : réserver aux profils premium,3,Premium,3,Premium,0.9999
Orange Maroc,Support,Usage intensif,Entrée de gamme,1200,21.2,Faible,0,Appareil conforme au besoin,0,Entrée de gamme,0,Entrée de gamme,0.9989
Orange Maroc,RH,Usage basique,Premium,7000,92.9,Critique,1,Appareil coûteux : réserver aux profils premium,3,Premium,3,Premium,0.9986
Maroc Telecom,Support,Usage standard,Entrée de gamme,1200,22.8,Faible,0,Appareil conforme au besoin,0,Entrée de gamme,0,Entrée de gamme,0.9988
Maroc Telecom,RH,Usage intensif,Milieu de gamme,2500,35.4,Faible,0,Appareil conforme au besoin,1,Milieu de gamme,1,Milieu de gamme,0.9509
Maroc Telecom,Finance,Usage basique,Entrée de gamme,1200,19.5,Faible,0,Appareil conforme au besoin,0,Entrée de gamme,0,Entrée de gamme,0.998
Orange Maroc,Commercial,Usage intensif,Entrée de gamme,1200,25.9,Faible,0,Appareil conforme au besoin,0,Entrée de gamme,0,Entrée de gamme,0.9676
Maroc Telecom,Direction,Usage basique,Entrée de gamme,1200,18.5,Faible,0,Appareil conforme au besoin,0,Entrée de gamme,0,Entrée de gamme,0.9996
Orange Maroc,Direction,Usage intensif,Entrée de gamme,1200,21.6,Faible,0,Appareil conforme au besoin,0,Entrée de gamme,0,Entrée de gamme,0.9998
inwi,RH,Usage standard,Premium,7000,93.8,Critique,1,Appareil coûteux : réserver aux profils premium,3,Premium,3,Premium,0.9954
Maroc Telecom,Commercial,Usage basique,Haut de gamme,4500,65.0,Élevé,1,Vérifier la pertinence budgétaire pour ce département,2,Haut de gamme,2,Haut de gamme,0.9936
Orange Maroc,Finance,Usage basique,Milieu de gamme,2500,39.2,Faible,0,Appareil conforme au besoin,1,Milieu de gamme,1,Milieu de gamme,0.9806
Maroc Telecom,Direction,Usage premium,Entrée de gamme,1200,19.6,Faible,0,Appareil conforme au besoin,0,Entrée de gamme,0,Entrée de gamme,0.9996
inwi,Direction,Usage basique,Haut de gamme,4500,63.8,Élevé,1,Vérifier la pertinence budgétaire pour ce département,2,Haut de gamme,2,Haut de gamme,0.9895
Maroc Telecom,Commercial,Usage basique,Milieu de gamme,2500,39.3,Faible,0,Appareil conforme au besoin,1,Milieu de gamme,1,Milieu de gamme,0.9864
Orange Maroc,Support,Usage standard,Entrée de gamme,1200,21.0,Faible,0,Appareil conforme au besoin,0,Entrée de gamme,0,Entrée de gamme,0.9997
inwi,Support,Usage intensif,Entrée de gamme,1200,21.8,Faible,0,Appareil conforme au besoin,0,Entrée de gamme,0,Entrée de gamme,0.9997
inwi,Commercial,Usage standard,Milieu de gamme,2500,38.4,Faible,0,Appareil conforme au besoin,1,Milieu de gamme,1,Milieu de gamme,0.992
Orange Maroc,IT,Usage basique,Haut de gamme,4500,59.0,Moyen,0,Appareil conforme au besoin,2,Haut de gamme,2,Haut de gamme,0.9836
Orange Maroc,Commercial,Usage standard,Entrée de gamme,1200,20.9,Faible,0,Appareil conforme au besoin,0,Entrée de gamme,0,Entrée de gamme,0.9996
Orange Maroc,Commercial,Usage basique,Milieu de gamme,2500,39.3,Faible,0,Appareil conforme au besoin,1,Milieu de gamme,2,Haut de gamme,0.5019
inwi,Commercial,Usage basique,Milieu de gamme,2500,36.2,Faible,0,Appareil conforme au besoin,1,Milieu de gamme,1,Milieu de gamme,0.9563
Orange Maroc,RH,Usage standard,Haut de gamme,4500,64.9,Élevé,1,Vérifier la pertinence budgétaire pour ce département,2,Haut de gamme,2,Haut de gamme,0.9744
Maroc Telecom,Direction,Usage intensif,Milieu de gamme,2500,37.5,Faible,0,Appareil conforme au besoin,1,Milieu de gamme,1,Milieu de gamme,0.9515
inwi,IT,Usage basique,Milieu de gamme,2500,40.1,Moyen,0,Appareil conforme au besoin,1,Milieu de gamme,1,Milieu de gamme,0.9962
Orange Maroc,Commercial,Usage standard,Milieu de gamme,2500,38.0,Faible,0,Appareil conforme au besoin,1,Milieu de gamme,1,Milieu de gamme,0.9945
Orange Maroc,Commercial,Usage standard,Haut de gamme,4500,59.6,Moyen,0,Appareil conforme au besoin,2,Haut de gamme,2,Haut de gamme,0.9611
Maroc Telecom,Commercial,Usage premium,Milieu de gamme,2500,39.8,Faible,0,Appareil conforme au besoin,1,Milieu de gamme,1,Milieu de gamme,0.9956
Orange Maroc,Commercial,Usage premium,Premium,7000,94.2,Critique,1,Appareil coûteux : réserver aux profils premium,3,Premium,3,Premium,0.9869
Maroc Telecom,Finance,Usage intensif,Premium,7000,97.1,Critique,1,Appareil coûteux : réserver aux profils premium,3,Premium,3,Premium,0.9986
Orange Maroc,IT,Usage basique,Entrée de gamme,1200,21.6,Faible,0,Appareil conforme au besoin,0,Entrée de gamme,0,Entrée de gamme,0.9953
Maroc Telecom,Commercial,Usage basique,Premium,7000,96.9,Critique,1,Appareil coûteux : réserver aux profils premium,3,Premium,3,Premium,0.9998
Orange Maroc,Commercial,Usage standard,Haut de gamme,4500,63.9,Élevé,1,Vérifier la pertinence budgétaire pour ce département,2,Haut de gamme,2,Haut de gamme,0.994
inwi,IT,Usage standard,Entrée de gamme,1200,19.3,Faible,0,Appareil conforme au besoin,0,Entrée de gamme,0,Entrée de gamme,0.9961
Maroc Telecom,Support,Usage standard,Milieu de gamme,2500,36.0,Faible,0,Appareil conforme au besoin,1,Milieu de gamme,1,Milieu de gamme,0.9818
inwi,Commercial,Usage intensif,Haut de gamme,4500,60.9,Élevé,1,Vérifier la pertinence budgétaire pour ce département,2,Haut de gamme,2,Haut de gamme,0.975
Maroc Telecom,Commercial,Usage premium,Premium,7000,96.0,Critique,1,Appareil coûteux : réserver aux profils premium,3,Premium,3,Premium,0.9973
inwi,Support,Usage intensif,Premium,7000,96.0,Critique,1,Appareil coûteux : réserver aux profils premium,3,Premium,3,Premium,0.9998
inwi,IT,Usage standard,Entrée de gamme,1200,22.3,Faible,0,Appareil conforme au besoin,0,Entrée de gamme,0,Entrée de gamme,0.9732
Orange Maroc,IT,Usage intensif,Milieu de gamme,2500,39.8,Faible,0,Appareil conforme au besoin,1,Milieu de gamme,1,Milieu de gamme,0.9951
Orange Maroc,Support,Usage standard,Milieu de gamme,2500,34.4,Faible,0,Appareil conforme au besoin,1,Milieu de gamme,1,Milieu de gamme,0.9749
inwi,Commercial,Usage basique,Milieu de gamme,2500,37.5,Faible,0,Appareil conforme au besoin,1,Milieu de gamme,1,Milieu de gamme,0.9928
Maroc Telecom,Commercial,Usage intensif,Milieu de gamme,2500,32.8,Faible,0,Appareil conforme au besoin,1,Milieu de gamme,1,Milieu de gamme,0.9567
Maroc Telecom,Support,Usage basique,Premium,7000,96.5,Critique,1,Appareil coûteux : réserver aux profils premium,3,Premium,3,Premium,0.9987
Orange Maroc,Support,Usage standard,Milieu de gamme,2500,38.1,Faible,0,Appareil conforme au besoin,1,Milieu de gamme,1,Milieu de gamme,0.9844
inwi,Direction,Usage standard,Haut de gamme,4500,64.7,Élevé,1,Vérifier la pertinence budgétaire pour ce département,2,Haut de gamme,2,Haut de gamme,0.9772
inwi,Commercial,Usage intensif,Entrée de gamme,1200,22.8,Faible,0,Appareil conforme au besoin,0,Entrée de gamme,0,Entrée de gamme,0.9995
inwi,Commercial,Usage intensif,Haut de gamme,4500,66.3,Élevé,1,Vérifier la pertinence budgétaire pour ce département,2,Haut de gamme,2,Haut de gamme,0.9973
Maroc Telecom,RH,Usage standard,Premium,7000,94.8,Critique,1,Appareil coûteux : réserver aux profils premium,3,Premium,3,Premium,0.9862
inwi,IT,Usage intensif,Milieu de gamme,2500,35.7,Faible,0,Appareil conforme au besoin,1,Milieu de gamme,1,Milieu de gamme,0.974
Maroc Telecom,Commercial,Usage standard,Premium,7000,97.6,Critique,1,Appareil coûteux : réserver aux profils premium,3,Premium,3,Premium,0.9995
Orange Maroc,Finance,Usage standard,Milieu de gamme,2500,41.4,Moyen,0,Appareil conforme au besoin,1,Milieu de gamme,1,Milieu de gamme,0.5193
Maroc Telecom,Direction,Usage intensif,Milieu de gamme,2500,38.6,Faible,0,Appareil conforme au besoin,1,Milieu de gamme,1,Milieu de gamme,0.9917
Maroc Telecom,Commercial,Usage intensif,Haut de gamme,4500,66.6,Élevé,1,Vérifier la pertinence budgétaire pour ce département,2,Haut de gamme,2,Haut de gamme,0.9973
Maroc Telecom,Commercial,Usage premium,Entrée de gamme,1200,17.4,Faible,0,Appareil conforme au besoin,0,Entrée de gamme,0,Entrée de gamme,0.9997
Maroc Telecom,RH,Usage basique,Milieu de gamme,2500,36.8,Faible,0,Appareil conforme au besoin,1,Milieu de gamme,1,Milieu de gamme,0.9951
Orange Maroc,IT,Usage intensif,Haut de gamme,4500,60.1,Élevé,1,Vérifier la pertinence budgétaire pour ce département,2,Haut de gamme,2,Haut de gamme,0.9802
Maroc Telecom,IT,Usage intensif,Premium,7000,90.2,Critique,1,Appareil coûteux : réserver aux profils premium,3,Premium,2,Haut de gamme,0.5267
Maroc Telecom,RH,Usage premium,Entrée de gamme,1200,18.0,Faible,0,Appareil conforme au besoin,0,Entrée de gamme,0,Entrée de gamme,0.9993
Maroc Telecom,IT,Usage basique,Milieu de gamme,2500,41.6,Moyen,0,Appareil conforme au besoin,1,Milieu de gamme,1,Milieu de gamme,0.9832
Maroc Telecom,Commercial,Usage intensif,Premium,7000,98.9,Critique,1,Appareil coûteux : réserver aux profils premium,3,Premium,3,Premium,0.9994
Maroc Telecom,Support,Usage standard,Entrée de gamme,1200,19.8,Faible,0,Appareil conforme au besoin,0,Entrée de gamme,0,Entrée de gamme,0.9996
Maroc Telecom,Support,Usage standard,Entrée de gamme,1200,23.7,Faible,0,Appareil conforme au besoin,0,Entrée de gamme,0,Entrée de gamme,0.9955
Orange Maroc,Commercial,Usage standard,Entrée de gamme,1200,21.4,Faible,0,Appareil conforme au besoin,0,Entrée de gamme,0,Entrée de gamme,0.995
Orange Maroc,Finance,Usage standard,Entrée de gamme,1200,23.4,Faible,0,Appareil conforme au besoin,0,Entrée de gamme,0,Entrée de gamme,0.9993
Orange Maroc,Support,Usage standard,Entrée de gamme,1200,22.8,Faible,0,Appareil conforme au besoin,0,Entrée de gamme,0,Entrée de gamme,0.9979
Orange Maroc,Support,Usage premium,Premium,7000,96.1,Critique,1,Appareil coûteux : réserver aux profils premium,3,Premium,3,Premium,0.9988
Maroc Telecom,Finance,Usage standard,Milieu de gamme,2500,40.0,Moyen,0,Appareil conforme au besoin,1,Milieu de gamme,1,Milieu de gamme,0.9986
inwi,Support,Usage intensif,Haut de gamme,4500,63.3,Élevé,1,Vérifier la pertinence budgétaire pour ce département,2,Haut de gamme,2,Haut de gamme,0.9643
Orange Maroc,Finance,Usage standard,Haut de gamme,4500,63.3,Élevé,1,Vérifier la pertinence budgétaire pour ce département,2,Haut de gamme,2,Haut de gamme,0.9916
Orange Maroc,Support,Usage basique,Haut de gamme,4500,63.2,Élevé,1,Vérifier la pertinence budgétaire pour ce département,2,Haut de gamme,2,Haut de gamme,0.9082
Maroc Telecom,Direction,Usage basique,Milieu de gamme,2500,42.7,Moyen,0,Appareil conforme au besoin,1,Milieu de gamme,1,Milieu de gamme,0.9782
Maroc Telecom,IT,Usage standard,Milieu de gamme,2500,40.7,Moyen,0,Appareil conforme au besoin,1,Milieu de gamme,1,Milieu de gamme,0.9973
Maroc Telecom,Support,Usage standard,Premium,7000,98.1,Critique,1,Appareil coûteux : réserver aux profils premium,3,Premium,3,Premium,0.9997
Maroc Telecom,Commercial,Usage basique,Entrée de gamme,1200,17.8,Faible,0,Appareil conforme au besoin,0,Entrée de gamme,0,Entrée de gamme,0.9997
Orange Maroc,Direction,Usage standard,Milieu de gamme,2500,40.7,Moyen,0,Appareil conforme au besoin,1,Milieu de gamme,1,Milieu de gamme,0.9968
Orange Maroc,Commercial,Usage standard,Haut de gamme,4500,63.8,Élevé,1,Vérifier la pertinence budgétaire pour ce département,2,Haut de gamme,2,Haut de gamme,0.9668
Orange Maroc,Support,Usage standard,Haut de gamme,4500,63.7,Élevé,1,Vérifier la pertinence budgétaire pour ce département,2,Haut de gamme,2,Haut de gamme,0.9848
inwi,IT,Usage standard,Premium,7000,94.2,Critique,1,Appareil coûteux : réserver aux profils premium,3,Premium,3,Premium,0.9457
inwi,RH,Usage basique,Milieu de gamme,2500,41.0,Moyen,0,Appareil conforme au besoin,1,Milieu de gamme,1,Milieu de gamme,0.9913
Orange Maroc,IT,Usage premium,Milieu de gamme,2500,39.9,Faible,0,Appareil conforme au besoin,1,Milieu de gamme,1,Milieu de gamme,0.9932
inwi,Direction,Usage premium,Premium,7000,95.0,Critique,1,Appareil coûteux : réserver aux profils premium,3,Premium,3,Premium,0.9999
Maroc Telecom,Support,Usage intensif,Entrée de gamme,1200,21.0,Faible,0,Appareil conforme au besoin,0,Entrée de gamme,0,Entrée de gamme,0.9992
Maroc Telecom,Support,Usage basique,Milieu de gamme,2500,37.1,Faible,0,Appareil conforme au besoin,1,Milieu de gamme,1,Milieu de gamme,0.985
Maroc Telecom,Direction,Usage intensif,Entrée de gamme,1200,22.9,Faible,0,Appareil conforme au besoin,0,Entrée de gamme,0,Entrée de gamme,0.9743
Orange Maroc,IT,Usage intensif,Milieu de gamme,2500,42.7,Moyen,0,Appareil conforme au besoin,1,Milieu de gamme,1,Milieu de gamme,0.9739
inwi,RH,Usage intensif,Premium,7000,89.2,Critique,1,Appareil coûteux : réserver aux profils premium,3,Premium,3,Premium,0.9228
Maroc Telecom,IT,Usage basique,Premium,7000,90.0,Critique,1,Appareil coûteux : réserver aux profils premium,3,Premium,3,Premium,0.9773
inwi,Finance,Usage intensif,Premium,7000,94.8,Critique,1,Appareil coûteux : réserver aux profils premium,3,Premium,3,Premium,0.9857
Maroc Telecom,Finance,Usage intensif,Premium,7000,97.2,Critique,1,Appareil coûteux : réserver aux profils premium,3,Premium,3,Premium,0.9993
inwi,Commercial,Usage standard,Milieu de gamme,2500,37.8,Faible,0,Appareil conforme au besoin,1,Milieu de gamme,1,Milieu de gamme,0.9858
Maroc Telecom,Finance,Usage intensif,Milieu de gamme,2500,38.7,Faible,0,Appareil conforme au besoin,1,Milieu de gamme,1,Milieu de gamme,0.9878
Maroc Telecom,IT,Usage standard,Entrée de gamme,1200,21.9,Faible,0,Appareil conforme au besoin,0,Entrée de gamme,0,Entrée de gamme,0.9971
Orange Maroc,IT,Usage standard,Milieu de gamme,2500,37.8,Faible,0,Appareil conforme au besoin,1,Milieu de gamme,1,Milieu de gamme,0.9349
Maroc Telecom,IT,Usage basique,Haut de gamme,4500,66.3,Élevé,1,Vérifier la pertinence budgétaire pour ce département,2,Haut de gamme,3,Premium,0.8889
Maroc Telecom,Direction,Usage intensif,Haut de gamme,4500,63.4,Élevé,1,Vérifier la pertinence budgétaire pour ce département,2,Haut de gamme,2,Haut de gamme,0.9967
Maroc Telecom,Support,Usage basique,Premium,7000,90.7,Critique,1,Appareil coûteux : réserver aux profils premium,3,Premium,3,Premium,0.9385
inwi,Direction,Usage standard,Milieu de gamme,2500,37.3,Faible,0,Appareil conforme au besoin,1,Milieu de gamme,1,Milieu de gamme,0.9785
Orange Maroc,RH,Usage standard,Milieu de gamme,2500,39.8,Faible,0,Appareil conforme au besoin,1,Milieu de gamme,1,Milieu de gamme,0.9702
Maroc Telecom,Finance,Usage standard,Entrée de gamme,1200,17.6,Faible,0,Appareil conforme au besoin,0,Entrée de gamme,0,Entrée de gamme,0.9997
Orange Maroc,Support,Usage basique,Premium,7000,97.8,Critique,1,Appareil coûteux : réserver aux profils premium,3,Premium,3,Premium,0.9998
Orange Maroc,Finance,Usage intensif,Premium,7000,93.2,Critique,1,Appareil coûteux : réserver aux profils premium,3,Premium,3,Premium,0.9998
Maroc Telecom,Finance,Usage intensif,Entrée de gamme,1200,17.4,Faible,0,Appareil conforme au besoin,0,Entrée de gamme,0,Entrée de gamme,0.9984
Maroc Telecom,Finance,Usage basique,Haut de gamme,4500,64.0,Élevé,1,Vérifier la pertinence budgétaire pour ce département,2,Haut de gamme,2,Haut de gamme,0.9607
Maroc Telecom,IT,Usage basique,Haut de gamme,4500,65.5,Élevé,1,Vérifier la pertinence budgétaire pour ce département,2,Haut de gamme,2,Haut de gamme,0.9253
Maroc Telecom,Finance,Usage basique,Milieu de gamme,2500,41.3,Moyen,0,Appareil conforme au besoin,1,Milieu de gamme,1,Milieu de gamme,0.9958
Orange Maroc,RH,Usage premium,Haut de gamme,4500,61.9,Élevé,1,Vérifier la pertinence budgétaire pour ce département,2,Haut de gamme,2,Haut de gamme,0.9899
Maroc Telecom,Commercial,Usage standard,Haut de gamme,4500,63.6,Élevé,1,Vérifier la pertinence budgétaire pour ce département,2,Haut de gamme,2,Haut de gamme,0.9923
Orange Maroc,IT,Usage standard,Entrée de gamme,1200,19.9,Faible,0,Appareil conforme au besoin,0,Entrée de gamme,0,Entrée de gamme,0.9999
Orange Maroc,Finance,Usage basique,Haut de gamme,4500,64.2,Élevé,1,Vérifier la pertinence budgétaire pour ce département,2,Haut de gamme,2,Haut de gamme,0.959
Maroc Telecom,Support,Usage intensif,Premium,7000,93.6,Critique,1,Appareil coûteux : réserver aux profils premium,3,Premium,3,Premium,0.9994
Orange Maroc,IT,Usage premium,Premium,7000,94.3,Critique,1,Appareil coûteux : réserver aux profils premium,3,Premium,3,Premium,0.9639
Maroc Telecom,RH,Usage intensif,Premium,7000,91.1,Critique,1,Appareil coûteux : réserver aux profils premium,3,Premium,3,Premium,0.9993
inwi,Support,Usage intensif,Haut de gamme,4500,65.1,Élevé,1,Vérifier la pertinence budgétaire pour ce département,2,Haut de gamme,2,Haut de gamme,0.9972
Orange Maroc,IT,Usage basique,Haut de gamme,4500,65.4,Élevé,1,Vérifier la pertinence budgétaire pour ce département,2,Haut de gamme,2,Haut de gamme,0.9916
inwi,IT,Usage basique,Premium,7000,92.3,Critique,1,Appareil coûteux : réserver aux profils premium,3,Premium,3,Premium,0.9991
Orange Maroc,Commercial,Usage basique,Haut de gamme,4500,68.5,Élevé,1,Vérifier la pertinence budgétaire pour ce département,2,Haut de gamme,2,Haut de gamme,0.9661
Maroc Telecom,Finance,Usage standard,Haut de gamme,4500,63.6,Élevé,1,Vérifier la pertinence budgétaire pour ce département,2,Haut de gamme,2,Haut de gamme,0.9542
Orange Maroc,Commercial,Usage basique,Milieu de gamme,2500,39.6,Faible,0,Appareil conforme au besoin,1,Milieu de gamme,1,Milieu de gamme,0.9902
inwi,Support,Usage standard,Milieu de gamme,2500,43.1,Moyen,0,Appareil conforme au besoin,1,Milieu de gamme,1,Milieu de gamme,0.9684
Orange Maroc,IT,Usage standard,Milieu de gamme,2500,40.7,Moyen,0,Appareil conforme au besoin,1,Milieu de gamme,1,Milieu de gamme,0.9962
inwi,Commercial,Usage premium,Haut de gamme,4500,63.3,Élevé,1,Vérifier la pertinence budgétaire pour ce département,2,Haut de gamme,2,Haut de gamme,0.9947
inwi,Commercial,Usage intensif,Entrée de gamme,1200,23.0,Faible,0,Appareil conforme au besoin,0,Entrée de gamme,0,Entrée de gamme,0.9975
Maroc Telecom,IT,Usage intensif,Milieu de gamme,2500,40.4,Moyen,0,Appareil conforme au besoin,1,Milieu de gamme,1,Milieu de gamme,0.9918
Maroc Telecom,Commercial,Usage intensif,Entrée de gamme,1200,19.8,Faible,0,Appareil conforme au besoin,0,Entrée de gamme,0,Entrée de gamme,0.9992
Orange Maroc,Finance,Usage basique,Premium,7000,91.4,Critique,1,Appareil coûteux : réserver aux profils premium,3,Premium,3,Premium,0.9902
Maroc Telecom,Commercial,Usage intensif,Haut de gamme,4500,64.8,Élevé,1,Vérifier la pertinence budgétaire pour ce département,2,Haut de gamme,2,Haut de gamme,0.9959
inwi,IT,Usage standard,Entrée de gamme,1200,20.6,Faible,0,Appareil conforme au besoin,0,Entrée de gamme,0,Entrée de gamme,0.9724
inwi,Commercial,Usage intensif,Haut de gamme,4500,59.8,Moyen,0,Appareil conforme au besoin,2,Haut de gamme,2,Haut de gamme,0.9375
Maroc Telecom,Finance,Usage standard,Haut de gamme,4500,65.7,Élevé,1,Vérifier la pertinence budgétaire pour ce département,2,Haut de gamme,2,Haut de gamme,0.9925
Maroc Telecom,Support,Usage premium,Haut de gamme,4500,62.2,Élevé,1,Vérifier la pertinence budgétaire pour ce département,2,Haut de gamme,2,Haut de gamme,0.9954
inwi,IT,Usage standard,Haut de gamme,4500,63.3,Élevé,1,Vérifier la pertinence budgétaire pour ce département,2,Haut de gamme,2,Haut de gamme,0.9412
Maroc Telecom,RH,Usage standard,Milieu de gamme,2500,42.8,Moyen,0,Appareil conforme au besoin,1,Milieu de gamme,1,Milieu de gamme,0.9469
inwi,Commercial,Usage premium,Entrée de gamme,1200,21.2,Faible,0,Appareil conforme au besoin,0,Entrée de gamme,0,Entrée de gamme,0.9996
Maroc Telecom,Support,Usage basique,Entrée de gamme,1200,24.0,Faible,0,Appareil conforme au besoin,0,Entrée de gamme,0,Entrée de gamme,0.9899
Orange Maroc,Commercial,Usage intensif,Entrée de gamme,1200,20.7,Faible,0,Appareil conforme au besoin,0,Entrée de gamme,0,Entrée de gamme,0.9998
Maroc Telecom,Commercial,Usage intensif,Milieu de gamme,2500,40.7,Moyen,0,Appareil conforme au besoin,1,Milieu de gamme,1,Milieu de gamme,0.9458
Orange Maroc,Support,Usage intensif,Haut de gamme,4500,65.6,Élevé,1,Vérifier la pertinence budgétaire pour ce département,2,Haut de gamme,2,Haut de gamme,0.9606
Orange Maroc,Support,Usage premium,Milieu de gamme,2500,38.5,Faible,0,Appareil conforme au besoin,1,Milieu de gamme,1,Milieu de gamme,0.991
Orange Maroc,Finance,Usage premium,Entrée de gamme,1200,21.1,Faible,0,Appareil conforme au besoin,0,Entrée de gamme,0,Entrée de gamme,0.9979
Maroc Telecom,Commercial,Usage basique,Premium,7000,93.9,Critique,1,Appareil coûteux : réserver aux profils premium,3,Premium,3,Premium,0.9943
Orange Maroc,Support,Usage intensif,Haut de gamme,4500,65.1,Élevé,1,Vérifier la pertinence budgétaire pour ce département,2,Haut de gamme,2,Haut de gamme,0.9962
inwi,Direction,Usage intensif,Entrée de gamme,1200,21.2,Faible,0,Appareil conforme au besoin,0,Entrée de gamme,0,Entrée de gamme,0.9996
Maroc Telecom,Support,Usage intensif,Premium,7000,94.9,Critique,1,Appareil coûteux : réserver aux profils premium,3,Premium,3,Premium,0.9997
Maroc Telecom,RH,Usage basique,Haut de gamme,4500,62.8,Élevé,1,Vérifier la pertinence budgétaire pour ce département,2,Haut de gamme,2,Haut de gamme,0.9959
Maroc Telecom,Finance,Usage intensif,Entrée de gamme,1200,20.7,Faible,0,Appareil conforme au besoin,0,Entrée de gamme,0,Entrée de gamme,0.9947
Orange Maroc,Commercial,Usage premium,Milieu de gamme,2500,38.0,Faible,0,Appareil conforme au besoin,1,Milieu de gamme,1,Milieu de gamme,0.9936
Orange Maroc,Support,Usage premium,Haut de gamme,4500,64.6,Élevé,1,Vérifier la pertinence budgétaire pour ce département,2,Haut de gamme,2,Haut de gamme,0.799
Orange Maroc,Commercial,Usage standard,Milieu de gamme,2500,39.8,Faible,0,Appareil conforme au besoin,1,Milieu de gamme,1,Milieu de gamme,0.9862
Maroc Telecom,Commercial,Usage basique,Entrée de gamme,1200,23.6,Faible,0,Appareil conforme au besoin,0,Entrée de gamme,0,Entrée de gamme,0.997
Maroc Telecom,Support,Usage standard,Entrée de gamme,1200,21.0,Faible,0,Appareil conforme au besoin,0,Entrée de gamme,0,Entrée de gamme,0.999
Orange Maroc,RH,Usage intensif,Entrée de gamme,1200,19.2,Faible,0,Appareil conforme au besoin,0,Entrée de gamme,0,Entrée de gamme,0.9999
Orange Maroc,Support,Usage intensif,Haut de gamme,4500,62.7,Élevé,1,Vérifier la pertinence budgétaire pour ce département,2,Haut de gamme,2,Haut de gamme,0.973
inwi,RH,Usage standard,Entrée de gamme,1200,25.1,Faible,0,Appareil conforme au besoin,0,Entrée de gamme,0,Entrée de gamme,0.993
Maroc Telecom,Finance,Usage basique,Premium,7000,96.0,Critique,1,Appareil coûteux : réserver aux profils premium,3,Premium,3,Premium,0.9942
Orange Maroc,Commercial,Usage standard,Milieu de gamme,2500,35.5,Faible,0,Appareil conforme au besoin,1,Milieu de gamme,1,Milieu de gamme,0.9787
Maroc Telecom,Support,Usage standard,Milieu de gamme,2500,38.7,Faible,0,Appareil conforme au besoin,1,Milieu de gamme,1,Milieu de gamme,0.9782
Maroc Telecom,IT,Usage premium,Haut de gamme,4500,64.1,Élevé,1,Vérifier la pertinence budgétaire pour ce département,2,Haut de gamme,2,Haut de gamme,0.9898
Orange Maroc,Finance,Usage intensif,Premium,7000,97.3,Critique,1,Appareil coûteux : réserver aux profils premium,3,Premium,3,Premium,0.9998
Orange Maroc,Direction,Usage standard,Premium,7000,94.4,Critique,1,Appareil coûteux : réserver aux profils premium,3,Premium,3,Premium,0.9998
inwi,IT,Usage standard,Haut de gamme,4500,65.8,Élevé,1,Vérifier la pertinence budgétaire pour ce département,2,Haut de gamme,2,Haut de gamme,0.9932
Maroc Telecom,Commercial,Usage basique,Milieu de gamme,2500,39.1,Faible,0,Appareil conforme au besoin,1,Milieu de gamme,1,Milieu de gamme,0.9666
Maroc Telecom,Commercial,Usage premium,Haut de gamme,4500,65.6,Élevé,1,Vérifier la pertinence budgétaire pour ce département,2,Haut de gamme,2,Haut de gamme,0.9861
Orange Maroc,Commercial,Usage standard,Milieu de gamme,2500,37.3,Faible,0,Appareil conforme au besoin,1,Milieu de gamme,1,Milieu de gamme,0.9949
Orange Maroc,Commercial,Usage standard,Haut de gamme,4500,60.2,Élevé,1,Vérifier la pertinence budgétaire pour ce département,2,Haut de gamme,2,Haut de gamme,0.9768
Maroc Telecom,Finance,Usage standard,Premium,7000,93.9,Critique,1,Appareil coûteux : réserver aux profils premium,3,Premium,3,Premium,0.9906
Maroc Telecom,Commercial,Usage intensif,Entrée de gamme,1200,18.4,Faible,0,Appareil conforme au besoin,0,Entrée de gamme,0,Entrée de gamme,0.9998
Maroc Telecom,RH,Usage intensif,Haut de gamme,4500,67.7,Élevé,1,Vérifier la pertinence budgétaire pour ce département,2,Haut de gamme,2,Haut de gamme,0.9717
inwi,Commercial,Usage intensif,Premium,7000,95.3,Critique,1,Appareil coûteux : réserver aux profils premium,3,Premium,3,Premium,0.9984
Maroc Telecom,IT,Usage standard,Milieu de gamme,2500,43.0,Moyen,0,Appareil conforme au besoin,1,Milieu de gamme,1,Milieu de gamme,0.9806
Maroc Telecom,Commercial,Usage standard,Entrée de gamme,1200,22.4,Faible,0,Appareil conforme au besoin,0,Entrée de gamme,0,Entrée de gamme,0.981
Maroc Telecom,Finance,Usage basique,Premium,7000,95.6,Critique,1,Appareil coûteux : réserver aux profils premium,3,Premium,3,Premium,0.9999
Maroc Telecom,Finance,Usage intensif,Milieu de gamme,2500,40.0,Moyen,0,Appareil conforme au besoin,1,Milieu de gamme,1,Milieu de gamme,0.9863
Maroc Telecom,Finance,Usage basique,Entrée de gamme,1200,20.6,Faible,0,Appareil conforme au besoin,0,Entrée de gamme,0,Entrée de gamme,0.9993
Orange Maroc,Finance,Usage standard,Haut de gamme,4500,64.6,Élevé,1,Vérifier la pertinence budgétaire pour ce département,2,Haut de gamme,2,Haut de gamme,0.972
Maroc Telecom,Support,Usage premium,Milieu de gamme,2500,40.9,Moyen,0,Appareil conforme au besoin,1,Milieu de gamme,1,Milieu de gamme,0.9799
inwi,Finance,Usage premium,Haut de gamme,4500,62.2,Élevé,1,Vérifier la pertinence budgétaire pour ce département,2,Haut de gamme,2,Haut de gamme,0.7999
Maroc Telecom,Direction,Usage standard,Milieu de gamme,2500,37.7,Faible,0,Appareil conforme au besoin,1,Milieu de gamme,1,Milieu de gamme,0.9968
Orange Maroc,Direction,Usage standard,Haut de gamme,4500,66.4,Élevé,1,Vérifier la pertinence budgétaire pour ce département,2,Haut de gamme,2,Haut de gamme,0.7975
inwi,Commercial,Usage basique,Premium,7000,93.0,Critique,1,Appareil coûteux : réserver aux profils premium,3,Premium,3,Premium,0.9952
Orange Maroc,IT,Usage intensif,Haut de gamme,4500,64.2,Élevé,1,Vérifier la pertinence budgétaire pour ce département,2,Haut de gamme,2,Haut de gamme,0.996
Orange Maroc,RH,Usage intensif,Premium,7000,95.9,Critique,1,Appareil coûteux : réserver aux profils premium,3,Premium,3,Premium,0.9907
Maroc Telecom,Support,Usage basique,Haut de gamme,4500,66.0,Élevé,1,Vérifier la pertinence budgétaire pour ce département,2,Haut de gamme,2,Haut de gamme,0.9847
Maroc Telecom,RH,Usage standard,Premium,7000,93.3,Critique,1,Appareil coûteux : réserver aux profils premium,3,Premium,3,Premium,0.9998
Orange Maroc,IT,Usage intensif,Premium,7000,95.1,Critique,1,Appareil coûteux : réserver aux profils premium,3,Premium,3,Premium,0.9998
inwi,Commercial,Usage premium,Premium,7000,97.3,Critique,1,Appareil coûteux : réserver aux profils premium,3,Premium,3,Premium,0.9966
Orange Maroc,Support,Usage basique,Premium,7000,89.4,Critique,1,Appareil coûteux : réserver aux profils premium,3,Premium,3,Premium,0.9831
Orange Maroc,Support,Usage standard,Haut de gamme,4500,60.8,Élevé,1,Vérifier la pertinence budgétaire pour ce département,2,Haut de gamme,2,Haut de gamme,0.9555
Orange Maroc,IT,Usage basique,Haut de gamme,4500,61.7,Élevé,1,Vérifier la pertinence budgétaire pour ce département,2,Haut de gamme,2,Haut de gamme,0.9607
Orange Maroc,Commercial,Usage basique,Haut de gamme,4500,65.7,Élevé,1,Vérifier la pertinence budgétaire pour ce département,2,Haut de gamme,2,Haut de gamme,0.962
Maroc Telecom,Finance,Usage premium,Premium,7000,92.0,Critique,1,Appareil coûteux : réserver aux profils premium,3,Premium,3,Premium,0.9872
Orange Maroc,Finance,Usage intensif,Milieu de gamme,2500,40.5,Moyen,0,Appareil conforme au besoin,1,Milieu de gamme,1,Milieu de gamme,0.9965
inwi,Support,Usage intensif,Milieu de gamme,2500,39.4,Faible,0,Appareil conforme au besoin,1,Milieu de gamme,1,Milieu de gamme,0.9657
Maroc Telecom,Finance,Usage basique,Milieu de gamme,2500,36.2,Faible,0,Appareil conforme au besoin,1,Milieu de gamme,1,Milieu de gamme,0.9862
Orange Maroc,Finance,Usage intensif,Entrée de gamme,1200,21.3,Faible,0,Appareil conforme au besoin,0,Entrée de gamme,0,Entrée de gamme,0.9996
Maroc Telecom,IT,Usage standard,Entrée de gamme,1200,21.0,Faible,0,Appareil conforme au besoin,0,Entrée de gamme,0,Entrée de gamme,0.9996
Orange Maroc,Support,Usage standard,Premium,7000,91.8,Critique,1,Appareil coûteux : réserver aux profils premium,3,Premium,3,Premium,0.9735
Maroc Telecom,Support,Usage standard,Haut de gamme,4500,65.4,Élevé,1,Vérifier la pertinence budgétaire pour ce département,2,Haut de gamme,2,Haut de gamme,0.9853
Orange Maroc,Commercial,Usage basique,Milieu de gamme,2500,39.5,Faible,0,Appareil conforme au besoin,1,Milieu de gamme,1,Milieu de gamme,0.9886
inwi,Support,Usage intensif,Entrée de gamme,1200,19.5,Faible,0,Appareil conforme au besoin,0,Entrée de gamme,0,Entrée de gamme,0.9999
Maroc Telecom,IT,Usage standard,Premium,7000,89.5,Critique,1,Appareil coûteux : réserver aux profils premium,3,Premium,3,Premium,0.9789
Orange Maroc,Commercial,Usage basique,Premium,7000,95.0,Critique,1,Appareil coûteux : réserver aux profils premium,3,Premium,3,Premium,0.9988
inwi,RH,Usage basique,Milieu de gamme,2500,40.8,Moyen,0,Appareil conforme au besoin,1,Milieu de gamme,1,Milieu de gamme,0.9948
inwi,IT,Usage basique,Entrée de gamme,1200,22.7,Faible,0,Appareil conforme au besoin,0,Entrée de gamme,0,Entrée de gamme,0.9974
Maroc Telecom,Commercial,Usage basique,Premium,7000,98.7,Critique,1,Appareil coûteux : réserver aux profils premium,3,Premium,3,Premium,0.9992
Maroc Telecom,Direction,Usage standard,Haut de gamme,4500,61.7,Élevé,1,Vérifier la pertinence budgétaire pour ce département,2,Haut de gamme,2,Haut de gamme,0.9413
Maroc Telecom,IT,Usage intensif,Milieu de gamme,2500,41.6,Moyen,0,Appareil conforme au besoin,1,Milieu de gamme,1,Milieu de gamme,0.8906
inwi,Finance,Usage basique,Haut de gamme,4500,61.0,Élevé,1,Vérifier la pertinence budgétaire pour ce département,2,Haut de gamme,2,Haut de gamme,0.9707
inwi,Finance,Usage basique,Premium,7000,95.1,Critique,1,Appareil coûteux : réserver aux profils premium,3,Premium,3,Premium,0.9997
Orange Maroc,Finance,Usage standard,Haut de gamme,4500,63.1,Élevé,1,Vérifier la pertinence budgétaire pour ce département,2,Haut de gamme,2,Haut de gamme,0.9373
inwi,Direction,Usage intensif,Haut de gamme,4500,64.5,Élevé,1,Vérifier la pertinence budgétaire pour ce département,2,Haut de gamme,2,Haut de gamme,0.9942
Orange Maroc,Commercial,Usage standard,Premium,7000,93.5,Critique,1,Appareil coûteux : réserver aux profils premium,3,Premium,3,Premium,0.9944
Orange Maroc,Commercial,Usage standard,Milieu de gamme,2500,41.1,Moyen,0,Appareil conforme au besoin,1,Milieu de gamme,1,Milieu de gamme,0.9783
Maroc Telecom,Support,Usage standard,Milieu de gamme,2500,42.1,Moyen,0,Appareil conforme au besoin,1,Milieu de gamme,1,Milieu de gamme,0.993
inwi,IT,Usage standard,Milieu de gamme,2500,38.8,Faible,0,Appareil conforme au besoin,1,Milieu de gamme,1,Milieu de gamme,0.9854
Maroc Telecom,Commercial,Usage basique,Milieu de gamme,2500,38.7,Faible,0,Appareil conforme au besoin,1,Milieu de gamme,1,Milieu de gamme,0.9952
inwi,RH,Usage intensif,Entrée de gamme,1200,20.5,Faible,0,Appareil conforme au besoin,0,Entrée de gamme,0,Entrée de gamme,0.9988
inwi,Commercial,Usage intensif,Haut de gamme,4500,66.3,Élevé,1,Vérifier la pertinence budgétaire pour ce département,2,Haut de gamme,2,Haut de gamme,0.9224
Orange Maroc,Direction,Usage standard,Milieu de gamme,2500,38.6,Faible,0,Appareil conforme au besoin,1,Milieu de gamme,1,Milieu de gamme,0.9924
Maroc Telecom,Support,Usage intensif,Entrée de gamme,1200,23.6,Faible,0,Appareil conforme au besoin,0,Entrée de gamme,0,Entrée de gamme,0.9968
Maroc Telecom,RH,Usage intensif,Milieu de gamme,2500,40.3,Moyen,0,Appareil conforme au besoin,1,Milieu de gamme,1,Milieu de gamme,0.863
Maroc Telecom,Support,Usage basique,Entrée de gamme,1200,20.5,Faible,0,Appareil conforme au besoin,0,Entrée de gamme,0,Entrée de gamme,0.9842
Maroc Telecom,IT,Usage standard,Premium,7000,94.0,Critique,1,Appareil coûteux : réserver aux profils premium,3,Premium,3,Premium,0.9998
Maroc Telecom,IT,Usage basique,Entrée de gamme,1200,23.2,Faible,0,Appareil conforme au besoin,0,Entrée de gamme,0,Entrée de gamme,0.9982
inwi,Finance,Usage basique,Premium,7000,93.5,Critique,1,Appareil coûteux : réserver aux profils premium,3,Premium,3,Premium,0.9984
Orange Maroc,RH,Usage intensif,Milieu de gamme,2500,38.8,Faible,0,Appareil conforme au besoin,1,Milieu de gamme,1,Milieu de gamme,0.994
Maroc Telecom,Commercial,Usage premium,Milieu de gamme,2500,42.1,Moyen,0,Appareil conforme au besoin,1,Milieu de gamme,1,Milieu de gamme,0.9709
Maroc Telecom,Commercial,Usage premium,Premium,7000,95.8,Critique,1,Appareil coûteux : réserver aux profils premium,3,Premium,3,Premium,0.9997
Maroc Telecom,Direction,Usage intensif,Premium,7000,91.2,Critique,1,Appareil coûteux : réserver aux profils premium,3,Premium,3,Premium,0.9791
Orange Maroc,Commercial,Usage basique,Milieu de gamme,2500,43.8,Moyen,0,Appareil conforme au besoin,1,Milieu de gamme,1,Milieu de gamme,0.5417
Orange Maroc,Commercial,Usage basique,Milieu de gamme,2500,39.2,Faible,0,Appareil conforme au besoin,1,Milieu de gamme,0,Entrée de gamme,0.5244
inwi,IT,Usage intensif,Milieu de gamme,2500,39.5,Faible,0,Appareil conforme au besoin,1,Milieu de gamme,1,Milieu de gamme,0.9781
Orange Maroc,IT,Usage standard,Premium,7000,96.5,Critique,1,Appareil coûteux : réserver aux profils premium,3,Premium,3,Premium,0.9998
inwi,Commercial,Usage intensif,Haut de gamme,4500,60.9,Élevé,1,Vérifier la pertinence budgétaire pour ce département,2,Haut de gamme,2,Haut de gamme,0.9208
inwi,RH,Usage intensif,Milieu de gamme,2500,39.0,Faible,0,Appareil conforme au besoin,1,Milieu de gamme,1,Milieu de gamme,0.9903
Maroc Telecom,Support,Usage intensif,Premium,7000,91.6,Critique,1,Appareil coûteux : réserver aux profils premium,3,Premium,3,Premium,0.9481
inwi,IT,Usage intensif,Milieu de gamme,2500,42.7,Moyen,0,Appareil conforme au besoin,1,Milieu de gamme,1,Milieu de gamme,0.9879
Maroc Telecom,IT,Usage basique,Milieu de gamme,2500,37.3,Faible,0,Appareil conforme au besoin,1,Milieu de gamme,1,Milieu de gamme,0.9888
inwi,RH,Usage intensif,Haut de gamme,4500,62.5,Élevé,1,Vérifier la pertinence budgétaire pour ce département,2,Haut de gamme,2,Haut de gamme,0.9324
Maroc Telecom,Finance,Usage premium,Premium,7000,97.4,Critique,1,Appareil coûteux : réserver aux profils premium,3,Premium,3,Premium,0.9977
inwi,IT,Usage standard,Entrée de gamme,1200,19.2,Faible,0,Appareil conforme au besoin,0,Entrée de gamme,0,Entrée de gamme,0.9998
inwi,Support,Usage intensif,Milieu de gamme,2500,40.4,Moyen,0,Appareil conforme au besoin,1,Milieu de gamme,1,Milieu de gamme,0.9921
inwi,IT,Usage standard,Milieu de gamme,2500,41.5,Moyen,0,Appareil conforme au besoin,1,Milieu de gamme,1,Milieu de gamme,0.9556
inwi,Commercial,Usage premium,Premium,7000,96.4,Critique,1,Appareil coûteux : réserver aux profils premium,3,Premium,3,Premium,0.9999
Maroc Telecom,Finance,Usage basique,Haut de gamme,4500,61.9,Élevé,1,Vérifier la pertinence budgétaire pour ce département,2,Haut de gamme,2,Haut de gamme,0.9749
Maroc Telecom,IT,Usage standard,Milieu de gamme,2500,38.8,Faible,0,Appareil conforme au besoin,1,Milieu de gamme,1,Milieu de gamme,0.9918
Maroc Telecom,RH,Usage basique,Haut de gamme,4500,62.4,Élevé,1,Vérifier la pertinence budgétaire pour ce département,2,Haut de gamme,2,Haut de gamme,0.9971
Maroc Telecom,Support,Usage intensif,Haut de gamme,4500,64.9,Élevé,1,Vérifier la pertinence budgétaire pour ce département,2,Haut de gamme,2,Haut de gamme,0.974
Orange Maroc,RH,Usage basique,Premium,7000,93.7,Critique,1,Appareil coûteux : réserver aux profils premium,3,Premium,3,Premium,0.9945
Maroc Telecom,Support,Usage basique,Haut de gamme,4500,62.2,Élevé,1,Vérifier la pertinence budgétaire pour ce département,2,Haut de gamme,2,Haut de gamme,0.961
inwi,IT,Usage standard,Milieu de gamme,2500,40.6,Moyen,0,Appareil conforme au besoin,1,Milieu de gamme,1,Milieu de gamme,0.9891
Orange Maroc,Support,Usage premium,Milieu de gamme,2500,41.3,Moyen,0,Appareil conforme au besoin,1,Milieu de gamme,1,Milieu de gamme,0.9897
inwi,Finance,Usage basique,Milieu de gamme,2500,38.1,Faible,0,Appareil conforme au besoin,1,Milieu de gamme,1,Milieu de gamme,0.9971
Maroc Telecom,Commercial,Usage basique,Premium,7000,95.1,Critique,1,Appareil coûteux : réserver aux profils premium,3,Premium,3,Premium,0.9975
inwi,Commercial,Usage intensif,Premium,7000,95.4,Critique,1,Appareil coûteux : réserver aux profils premium,3,Premium,3,Premium,0.9995
inwi,Direction,Usage standard,Premium,7000,93.6,Critique,1,Appareil coûteux : réserver aux profils premium,3,Premium,3,Premium,0.9861
Orange Maroc,RH,Usage premium,Entrée de gamme,1200,17.3,Faible,0,Appareil conforme au besoin,0,Entrée de gamme,0,Entrée de gamme,0.9994
Orange Maroc,IT,Usage basique,Premium,7000,91.1,Critique,1,Appareil coûteux : réserver aux profils premium,3,Premium,3,Premium,0.9985
inwi,IT,Usage intensif,Haut de gamme,4500,61.1,Élevé,1,Vérifier la pertinence budgétaire pour ce département,2,Haut de gamme,2,Haut de gamme,0.9919
Maroc Telecom,Support,Usage basique,Premium,7000,95.2,Critique,1,Appareil coûteux : réserver aux profils premium,3,Premium,3,Premium,0.9766
Orange Maroc,Commercial,Usage basique,Milieu de gamme,2500,41.2,Moyen,0,Appareil conforme au besoin,1,Milieu de gamme,1,Milieu de gamme,0.9896
Maroc Telecom,Support,Usage intensif,Premium,7000,95.1,Critique,1,Appareil coûteux : réserver aux profils premium,3,Premium,3,Premium,0.9989
Maroc Telecom,Finance,Usage standard,Haut de gamme,4500,62.8,Élevé,1,Vérifier la pertinence budgétaire pour ce département,2,Haut de gamme,2,Haut de gamme,0.9671
Maroc Telecom,RH,Usage intensif,Milieu de gamme,2500,39.2,Faible,0,Appareil conforme au besoin,1,Milieu de gamme,1,Milieu de gamme,0.9933
Maroc Telecom,IT,Usage standard,Haut de gamme,4500,60.5,Élevé,1,Vérifier la pertinence budgétaire pour ce département,2,Haut de gamme,2,Haut de gamme,0.9754
Maroc Telecom,Direction,Usage standard,Premium,7000,91.4,Critique,1,Appareil coûteux : réserver aux profils premium,3,Premium,3,Premium,0.9587
Maroc Telecom,Commercial,Usage standard,Premium,7000,92.2,Critique,1,Appareil coûteux : réserver aux profils premium,3,Premium,3,Premium,0.9996
inwi,Direction,Usage premium,Entrée de gamme,1200,22.4,Faible,0,Appareil conforme au besoin,0,Entrée de gamme,0,Entrée de gamme,0.9986
Orange Maroc,Finance,Usage standard,Entrée de gamme,1200,23.2,Faible,0,Appareil conforme au besoin,0,Entrée de gamme,0,Entrée de gamme,0.9801
inwi,Commercial,Usage standard,Entrée de gamme,1200,17.2,Faible,0,Appareil conforme au besoin,0,Entrée de gamme,0,Entrée de gamme,0.9995
Maroc Telecom,Commercial,Usage standard,Haut de gamme,4500,64.1,Élevé,1,Vérifier la pertinence budgétaire pour ce département,2,Haut de gamme,2,Haut de gamme,0.998
Maroc Telecom,Finance,Usage standard,Haut de gamme,4500,65.4,Élevé,1,Vérifier la pertinence budgétaire pour ce département,2,Haut de gamme,2,Haut de gamme,0.9976
Orange Maroc,Support,Usage standard,Entrée de gamme,1200,19.7,Faible,0,Appareil conforme au besoin,0,Entrée de gamme,0,Entrée de gamme,0.9995
Maroc Telecom,Direction,Usage premium,Haut de gamme,4500,65.6,Élevé,1,Vérifier la pertinence budgétaire pour ce département,2,Haut de gamme,2,Haut de gamme,0.9825
Maroc Telecom,Support,Usage standard,Entrée de gamme,1200,22.9,Faible,0,Appareil conforme au besoin,0,Entrée de gamme,0,Entrée de gamme,0.9988
Orange Maroc,Support,Usage premium,Haut de gamme,4500,58.4,Moyen,0,Appareil conforme au besoin,2,Haut de gamme,2,Haut de gamme,0.9167
Maroc Telecom,Finance,Usage basique,Milieu de gamme,2500,39.4,Faible,0,Appareil conforme au besoin,1,Milieu de gamme,1,Milieu de gamme,0.9808
Orange Maroc,Finance,Usage intensif,Premium,7000,95.9,Critique,1,Appareil coûteux : réserver aux profils premium,3,Premium,3,Premium,0.9998
Orange Maroc,Direction,Usage premium,Premium,7000,97.4,Critique,1,Appareil coûteux : réserver aux profils premium,3,Premium,3,Premium,0.9999
Maroc Telecom,IT,Usage basique,Entrée de gamme,1200,17.6,Faible,0,Appareil conforme au besoin,0,Entrée de gamme,0,Entrée de gamme,0.9997
Maroc Telecom,Support,Usage premium,Milieu de gamme,2500,37.9,Faible,0,Appareil conforme au besoin,1,Milieu de gamme,1,Milieu de gamme,0.9921
inwi,Support,Usage standard,Haut de gamme,4500,63.0,Élevé,1,Vérifier la pertinence budgétaire pour ce département,2,Haut de gamme,2,Haut de gamme,0.945
Orange Maroc,Commercial,Usage premium,Entrée de gamme,1200,24.1,Faible,0,Appareil conforme au besoin,0,Entrée de gamme,0,Entrée de gamme,0.9923
Maroc Telecom,Direction,Usage intensif,Haut de gamme,4500,68.5,Élevé,1,Vérifier la pertinence budgétaire pour ce département,2,Haut de gamme,2,Haut de gamme,0.9844
inwi,Finance,Usage standard,Entrée de gamme,1200,23.4,Faible,0,Appareil conforme au besoin,0,Entrée de gamme,0,Entrée de gamme,0.9978
Maroc Telecom,RH,Usage basique,Haut de gamme,4500,65.6,Élevé,1,Vérifier la pertinence budgétaire pour ce département,2,Haut de gamme,2,Haut de gamme,0.9941
Orange Maroc,IT,Usage standard,Haut de gamme,4500,67.9,Élevé,1,Vérifier la pertinence budgétaire pour ce département,2,Haut de gamme,2,Haut de gamme,0.9688
inwi,RH,Usage basique,Haut de gamme,4500,61.8,Élevé,1,Vérifier la pertinence budgétaire pour ce département,2,Haut de gamme,2,Haut de gamme,0.9943
Maroc Telecom,Finance,Usage basique,Entrée de gamme,1200,19.1,Faible,0,Appareil conforme au besoin,0,Entrée de gamme,0,Entrée de gamme,0.9997
Maroc Telecom,RH,Usage basique,Haut de gamme,4500,63.5,Élevé,1,Vérifier la pertinence budgétaire pour ce département,2,Haut de gamme,2,Haut de gamme,0.9635
Maroc Telecom,Support,Usage standard,Entrée de gamme,1200,21.9,Faible,0,Appareil conforme au besoin,0,Entrée de gamme,0,Entrée de gamme,0.9967
Maroc Telecom,Direction,Usage intensif,Haut de gamme,4500,66.5,Élevé,1,Vérifier la pertinence budgétaire pour ce département,2,Haut de gamme,2,Haut de gamme,0.9876
Maroc Telecom,Finance,Usage basique,Entrée de gamme,1200,23.5,Faible,0,Appareil conforme au besoin,0,Entrée de gamme,0,Entrée de gamme,0.9959
Orange Maroc,RH,Usage basique,Haut de gamme,4500,63.2,Élevé,1,Vérifier la pertinence budgétaire pour ce département,2,Haut de gamme,2,Haut de gamme,0.9864
Maroc Telecom,Direction,Usage intensif,Milieu de gamme,2500,40.6,Moyen,0,Appareil conforme au besoin,1,Milieu de gamme,1,Milieu de gamme,0.9897
Orange Maroc,IT,Usage basique,Haut de gamme,4500,63.5,Élevé,1,Vérifier la pertinence budgétaire pour ce département,2,Haut de gamme,2,Haut de gamme,0.9808
inwi,IT,Usage basique,Premium,7000,96.5,Critique,1,Appareil coûteux : réserver aux profils premium,3,Premium,3,Premium,0.9989
inwi,IT,Usage basique,Milieu de gamme,2500,36.3,Faible,0,Appareil conforme au besoin,1,Milieu de gamme,1,Milieu de gamme,0.9603
Orange Maroc,Commercial,Usage premium,Premium,7000,97.5,Critique,1,Appareil coûteux : réserver aux profils premium,3,Premium,3,Premium,0.9999
Maroc Telecom,IT,Usage intensif,Entrée de gamme,1200,24.5,Faible,0,Appareil conforme au besoin,0,Entrée de gamme,0,Entrée de gamme,0.7843
Orange Maroc,Direction,Usage standard,Entrée de gamme,1200,22.6,Faible,0,Appareil conforme au besoin,0,Entrée de gamme,0,Entrée de gamme,0.9989
Orange Maroc,RH,Usage intensif,Haut de gamme,4500,61.2,Élevé,1,Vérifier la pertinence budgétaire pour ce département,2,Haut de gamme,2,Haut de gamme,0.9832
Maroc Telecom,Commercial,Usage standard,Haut de gamme,4500,65.5,Élevé,1,Vérifier la pertinence budgétaire pour ce département,2,Haut de gamme,2,Haut de gamme,0.9857
Maroc Telecom,Finance,Usage intensif,Premium,7000,96.3,Critique,1,Appareil coûteux : réserver aux profils premium,3,Premium,3,Premium,0.9994
inwi,Commercial,Usage intensif,Premium,7000,91.2,Critique,1,Appareil coûteux : réserver aux profils premium,3,Premium,3,Premium,0.9914
Maroc Telecom,Commercial,Usage intensif,Milieu de gamme,2500,40.1,Moyen,0,Appareil conforme au besoin,1,Milieu de gamme,1,Milieu de gamme,0.9879
Maroc Telecom,Support,Usage standard,Haut de gamme,4500,63.7,Élevé,1,Vérifier la pertinence budgétaire pour ce département,2,Haut de gamme,2,Haut de gamme,0.9836
Maroc Telecom,Support,Usage basique,Milieu de gamme,2500,39.5,Faible,0,Appareil conforme au besoin,1,Milieu de gamme,1,Milieu de gamme,0.9795
Maroc Telecom,Commercial,Usage standard,Milieu de gamme,2500,39.2,Faible,0,Appareil conforme au besoin,1,Milieu de gamme,1,Milieu de gamme,0.9793
inwi,Direction,Usage premium,Premium,7000,99.0,Critique,1,Appareil coûteux : réserver aux profils premium,3,Premium,3,Premium,0.9993
Orange Maroc,Support,Usage standard,Entrée de gamme,1200,24.9,Faible,0,Appareil conforme au besoin,0,Entrée de gamme,0,Entrée de gamme,0.9541
inwi,Support,Usage intensif,Entrée de gamme,1200,19.2,Faible,0,Appareil conforme au besoin,0,Entrée de gamme,0,Entrée de gamme,0.9964
Maroc Telecom,IT,Usage premium,Haut de gamme,4500,68.9,Élevé,1,Vérifier la pertinence budgétaire pour ce département,2,Haut de gamme,2,Haut de gamme,0.9802
Maroc Telecom,IT,Usage basique,Milieu de gamme,2500,37.5,Faible,0,Appareil conforme au besoin,1,Milieu de gamme,1,Milieu de gamme,0.9979
Orange Maroc,Finance,Usage intensif,Entrée de gamme,1200,17.9,Faible,0,Appareil conforme au besoin,0,Entrée de gamme,0,Entrée de gamme,0.9999
Maroc Telecom,Commercial,Usage intensif,Milieu de gamme,2500,38.1,Faible,0,Appareil conforme au besoin,1,Milieu de gamme,1,Milieu de gamme,0.9955
Maroc Telecom,RH,Usage premium,Haut de gamme,4500,59.8,Moyen,0,Appareil conforme au besoin,2,Haut de gamme,2,Haut de gamme,0.9913
inwi,RH,Usage premium,Milieu de gamme,2500,39.9,Faible,0,Appareil conforme au besoin,1,Milieu de gamme,1,Milieu de gamme,0.9894
Maroc Telecom,Support,Usage intensif,Premium,7000,93.6,Critique,1,Appareil coûteux : réserver aux profils premium,3,Premium,3,Premium,0.9625
Orange Maroc,Support,Usage basique,Entrée de gamme,1200,23.0,Faible,0,Appareil conforme au besoin,0,Entrée de gamme,0,Entrée de gamme,0.9681
Maroc Telecom,Direction,Usage intensif,Milieu de gamme,2500,38.4,Faible,0,Appareil conforme au besoin,1,Milieu de gamme,1,Milieu de gamme,0.9976
Maroc Telecom,Finance,Usage basique,Premium,7000,97.2,Critique,1,Appareil coûteux : réserver aux profils premium,3,Premium,3,Premium,0.9999
Maroc Telecom,Commercial,Usage intensif,Entrée de gamme,1200,20.0,Faible,0,Appareil conforme au besoin,0,Entrée de gamme,0,Entrée de gamme,0.9975
inwi,Finance,Usage premium,Haut de gamme,4500,66.9,Élevé,1,Vérifier la pertinence budgétaire pour ce département,2,Haut de gamme,2,Haut de gamme,0.9469
inwi,Finance,Usage standard,Premium,7000,95.0,Critique,1,Appareil coûteux : réserver aux profils premium,3,Premium,3,Premium,0.9986
inwi,Finance,Usage intensif,Premium,7000,97.3,Critique,1,Appareil coûteux : réserver aux profils premium,3,Premium,3,Premium,0.9999
Orange Maroc,RH,Usage standard,Haut de gamme,4500,66.3,Élevé,1,Vérifier la pertinence budgétaire pour ce département,2,Haut de gamme,2,Haut de gamme,0.9691
Maroc Telecom,RH,Usage standard,Entrée de gamme,1200,16.7,Faible,0,Appareil conforme au besoin,0,Entrée de gamme,0,Entrée de gamme,0.9999
Orange Maroc,Support,Usage standard,Premium,7000,91.1,Critique,1,Appareil coûteux : réserver aux profils premium,3,Premium,3,Premium,0.9958
Orange Maroc,IT,Usage intensif,Milieu de gamme,2500,41.7,Moyen,0,Appareil conforme au besoin,1,Milieu de gamme,1,Milieu de gamme,0.9969
inwi,Support,Usage premium,Milieu de gamme,2500,43.2,Moyen,0,Appareil conforme au besoin,1,Milieu de gamme,1,Milieu de gamme,0.9662
Maroc Telecom,Commercial,Usage premium,Entrée de gamme,1200,21.5,Faible,0,Appareil conforme au besoin,0,Entrée de gamme,0,Entrée de gamme,0.999
Orange Maroc,Finance,Usage basique,Haut de gamme,4500,65.5,Élevé,1,Vérifier la pertinence budgétaire pour ce département,2,Haut de gamme,2,Haut de gamme,0.9945
Maroc Telecom,Commercial,Usage premium,Haut de gamme,4500,68.3,Élevé,1,Vérifier la pertinence budgétaire pour ce département,2,Haut de gamme,2,Haut de gamme,0.9878
Maroc Telecom,Finance,Usage intensif,Haut de gamme,4500,60.1,Élevé,1,Vérifier la pertinence budgétaire pour ce département,2,Haut de gamme,2,Haut de gamme,0.9772
Orange Maroc,Commercial,Usage standard,Entrée de gamme,1200,22.5,Faible,0,Appareil conforme au besoin,0,Entrée de gamme,0,Entrée de gamme,0.9852
Orange Maroc,RH,Usage basique,Premium,7000,91.7,Critique,1,Appareil coûteux : réserver aux profils premium,3,Premium,3,Premium,0.9724
Maroc Telecom,IT,Usage standard,Premium,7000,93.6,Critique,1,Appareil coûteux : réserver aux profils premium,3,Premium,3,Premium,0.9914
Maroc Telecom,IT,Usage premium,Entrée de gamme,1200,20.6,Faible,0,Appareil conforme au besoin,0,Entrée de gamme,0,Entrée de gamme,0.9958
Orange Maroc,Commercial,Usage intensif,Premium,7000,95.3,Critique,1,Appareil coûteux : réserver aux profils premium,3,Premium,3,Premium,0.9991
inwi,Direction,Usage intensif,Haut de gamme,4500,59.3,Moyen,0,Appareil conforme au besoin,2,Haut de gamme,2,Haut de gamme,0.9705
inwi,RH,Usage standard,Premium,7000,92.7,Critique,1,Appareil coûteux : réserver aux profils premium,3,Premium,3,Premium,0.9641
inwi,Support,Usage intensif,Entrée de gamme,1200,24.8,Faible,0,Appareil conforme au besoin,0,Entrée de gamme,0,Entrée de gamme,0.9953
inwi,Commercial,Usage basique,Haut de gamme,4500,62.4,Élevé,1,Vérifier la pertinence budgétaire pour ce département,2,Haut de gamme,2,Haut de gamme,0.9897
Maroc Telecom,Direction,Usage standard,Entrée de gamme,1200,20.7,Faible,0,Appareil conforme au besoin,0,Entrée de gamme,0,Entrée de gamme,0.9986
Orange Maroc,Support,Usage intensif,Haut de gamme,4500,63.9,Élevé,1,Vérifier la pertinence budgétaire pour ce département,2,Haut de gamme,2,Haut de gamme,0.9936
Maroc Telecom,Commercial,Usage basique,Milieu de gamme,2500,37.9,Faible,0,Appareil conforme au besoin,1,Milieu de gamme,1,Milieu de gamme,0.9884
Maroc Telecom,Commercial,Usage intensif,Premium,7000,88.8,Critique,1,Appareil coûteux : réserver aux profils premium,3,Premium,3,Premium,0.9308
inwi,Support,Usage basique,Premium,7000,93.7,Critique,1,Appareil coûteux : réserver aux profils premium,3,Premium,3,Premium,0.9866
Maroc Telecom,RH,Usage intensif,Entrée de gamme,1200,22.8,Faible,0,Appareil conforme au besoin,0,Entrée de gamme,0,Entrée de gamme,0.9706
inwi,Finance,Usage standard,Premium,7000,95.1,Critique,1,Appareil coûteux : réserver aux profils premium,3,Premium,3,Premium,0.9996
Orange Maroc,IT,Usage standard,Haut de gamme,4500,64.6,Élevé,1,Vérifier la pertinence budgétaire pour ce département,2,Haut de gamme,2,Haut de gamme,0.9953
Orange Maroc,Support,Usage basique,Entrée de gamme,1200,23.5,Faible,0,Appareil conforme au besoin,0,Entrée de gamme,0,Entrée de gamme,0.9996
Orange Maroc,Support,Usage basique,Haut de gamme,4500,62.8,Élevé,1,Vérifier la pertinence budgétaire pour ce département,2,Haut de gamme,2,Haut de gamme,0.9964
inwi,IT,Usage premium,Milieu de gamme,2500,42.2,Moyen,0,Appareil conforme au besoin,1,Milieu de gamme,1,Milieu de gamme,0.9801
Orange Maroc,Commercial,Usage standard,Haut de gamme,4500,60.3,Élevé,1,Vérifier la pertinence budgétaire pour ce département,2,Haut de gamme,2,Haut de gamme,0.9543
Orange Maroc,Commercial,Usage intensif,Premium,7000,96.0,Critique,1,Appareil coûteux : réserver aux profils premium,3,Premium,3,Premium,0.9999
Maroc Telecom,IT,Usage premium,Milieu de gamme,2500,37.4,Faible,0,Appareil conforme au besoin,1,Milieu de gamme,1,Milieu de gamme,0.9747
Orange Maroc,Direction,Usage basique,Milieu de gamme,2500,36.9,Faible,0,Appareil conforme au besoin,1,Milieu de gamme,1,Milieu de gamme,0.957
Maroc Telecom,Finance,Usage standard,Premium,7000,88.9,Critique,1,Appareil coûteux : réserver aux profils premium,3,Premium,3,Premium,0.9724
Orange Maroc,IT,Usage intensif,Entrée de gamme,1200,26.4,Faible,0,Appareil conforme au besoin,0,Entrée de gamme,0,Entrée de gamme,0.9388
Orange Maroc,Commercial,Usage premium,Milieu de gamme,2500,41.7,Moyen,0,Appareil conforme au besoin,1,Milieu de gamme,1,Milieu de gamme,0.9897
Orange Maroc,Support,Usage premium,Milieu de gamme,2500,41.2,Moyen,0,Appareil conforme au besoin,1,Milieu de gamme,1,Milieu de gamme,0.9918
Maroc Telecom,IT,Usage standard,Premium,7000,93.5,Critique,1,Appareil coûteux : réserver aux profils premium,3,Premium,3,Premium,0.9426
Maroc Telecom,Commercial,Usage intensif,Entrée de gamme,1200,21.2,Faible,0,Appareil conforme au besoin,0,Entrée de gamme,0,Entrée de gamme,0.8032
Orange Maroc,Commercial,Usage basique,Milieu de gamme,2500,40.5,Moyen,0,Appareil conforme au besoin,1,Milieu de gamme,1,Milieu de gamme,0.9875
Maroc Telecom,IT,Usage premium,Entrée de gamme,1200,19.2,Faible,0,Appareil conforme au besoin,0,Entrée de gamme,0,Entrée de gamme,0.9991
Maroc Telecom,IT,Usage premium,Milieu de gamme,2500,40.4,Moyen,0,Appareil conforme au besoin,1,Milieu de gamme,1,Milieu de gamme,0.9672
Maroc Telecom,Commercial,Usage basique,Haut de gamme,4500,67.8,Élevé,1,Vérifier la pertinence budgétaire pour ce département,2,Haut de gamme,2,Haut de gamme,0.9733
inwi,Finance,Usage standard,Entrée de gamme,1200,21.0,Faible,0,Appareil conforme au besoin,0,Entrée de gamme,0,Entrée de gamme,0.9985
Orange Maroc,Direction,Usage basique,Milieu de gamme,2500,40.2,Moyen,0,Appareil conforme au besoin,1,Milieu de gamme,1,Milieu de gamme,0.9667
Maroc Telecom,Support,Usage standard,Premium,7000,92.3,Critique,1,Appareil coûteux : réserver aux profils premium,3,Premium,3,Premium,0.9982
Maroc Telecom,Direction,Usage intensif,Premium,7000,94.6,Critique,1,Appareil coûteux : réserver aux profils premium,3,Premium,3,Premium,0.9998
Maroc Telecom,Finance,Usage standard,Milieu de gamme,2500,36.5,Faible,0,Appareil conforme au besoin,1,Milieu de gamme,0,Entrée de gamme,0.8879
inwi,Direction,Usage basique,Haut de gamme,4500,60.0,Élevé,1,Vérifier la pertinence budgétaire pour ce département,2,Haut de gamme,1,Milieu de gamme,0.846
Orange Maroc,RH,Usage standard,Milieu de gamme,2500,34.8,Faible,0,Appareil conforme au besoin,1,Milieu de gamme,1,Milieu de gamme,0.9592
Maroc Telecom,RH,Usage premium,Entrée de gamme,1200,22.9,Faible,0,Appareil conforme au besoin,0,Entrée de gamme,0,Entrée de gamme,0.9566
Maroc Telecom,IT,Usage intensif,Entrée de gamme,1200,20.6,Faible,0,Appareil conforme au besoin,0,Entrée de gamme,0,Entrée de gamme,0.9997
Maroc Telecom,IT,Usage standard,Milieu de gamme,2500,38.8,Faible,0,Appareil conforme au besoin,1,Milieu de gamme,1,Milieu de gamme,0.9891
Orange Maroc,Commercial,Usage basique,Entrée de gamme,1200,18.5,Faible,0,Appareil conforme au besoin,0,Entrée de gamme,0,Entrée de gamme,0.9998
inwi,Commercial,Usage premium,Milieu de gamme,2500,37.8,Faible,0,Appareil conforme au besoin,1,Milieu de gamme,1,Milieu de gamme,0.9898
Maroc Telecom,Finance,Usage intensif,Entrée de gamme,1200,21.4,Faible,0,Appareil conforme au besoin,0,Entrée de gamme,0,Entrée de gamme,0.9982
Maroc Telecom,Commercial,Usage standard,Entrée de gamme,1200,20.0,Faible,0,Appareil conforme au besoin,0,Entrée de gamme,0,Entrée de gamme,0.9967
Maroc Telecom,Finance,Usage basique,Milieu de gamme,2500,39.0,Faible,0,Appareil conforme au besoin,1,Milieu de gamme,1,Milieu de gamme,0.9938
inwi,Commercial,Usage basique,Premium,7000,95.4,Critique,1,Appareil coûteux : réserver aux profils premium,3,Premium,3,Premium,0.9953
Maroc Telecom,RH,Usage basique,Premium,7000,92.9,Critique,1,Appareil coûteux : réserver aux profils premium,3,Premium,3,Premium,0.9905
inwi,Support,Usage standard,Milieu de gamme,2500,41.7,Moyen,0,Appareil conforme au besoin,1,Milieu de gamme,1,Milieu de gamme,0.9475
Orange Maroc,Support,Usage premium,Entrée de gamme,1200,19.2,Faible,0,Appareil conforme au besoin,0,Entrée de gamme,0,Entrée de gamme,0.9979
Maroc Telecom,Commercial,Usage standard,Haut de gamme,4500,62.1,Élevé,1,Vérifier la pertinence budgétaire pour ce département,2,Haut de gamme,2,Haut de gamme,0.9715
Maroc Telecom,RH,Usage intensif,Entrée de gamme,1200,18.8,Faible,0,Appareil conforme au besoin,0,Entrée de gamme,0,Entrée de gamme,0.9991
Maroc Telecom,RH,Usage standard,Premium,7000,92.6,Critique,1,Appareil coûteux : réserver aux profils premium,3,Premium,3,Premium,0.9987
Orange Maroc,Support,Usage intensif,Milieu de gamme,2500,39.4,Faible,0,Appareil conforme au besoin,1,Milieu de gamme,1,Milieu de gamme,0.9791
inwi,Finance,Usage intensif,Haut de gamme,4500,62.9,Élevé,1,Vérifier la pertinence budgétaire pour ce département,2,Haut de gamme,2,Haut de gamme,0.9652
Orange Maroc,Finance,Usage basique,Haut de gamme,4500,67.1,Élevé,1,Vérifier la pertinence budgétaire pour ce département,2,Haut de gamme,2,Haut de gamme,0.994
Orange Maroc,IT,Usage standard,Milieu de gamme,2500,38.7,Faible,0,Appareil conforme au besoin,1,Milieu de gamme,1,Milieu de gamme,0.9965
Maroc Telecom,Commercial,Usage intensif,Haut de gamme,4500,62.0,Élevé,1,Vérifier la pertinence budgétaire pour ce département,2,Haut de gamme,2,Haut de gamme,0.9954
inwi,Commercial,Usage basique,Premium,7000,97.4,Critique,1,Appareil coûteux : réserver aux profils premium,3,Premium,3,Premium,0.9999
inwi,Support,Usage standard,Premium,7000,97.4,Critique,1,Appareil coûteux : réserver aux profils premium,3,Premium,3,Premium,0.9991
Maroc Telecom,Finance,Usage standard,Entrée de gamme,1200,18.7,Faible,0,Appareil conforme au besoin,0,Entrée de gamme,0,Entrée de gamme,0.9943
inwi,RH,Usage premium,Entrée de gamme,1200,23.9,Faible,0,Appareil conforme au besoin,0,Entrée de gamme,0,Entrée de gamme,0.9623
Orange Maroc,Support,Usage standard,Milieu de gamme,2500,37.0,Faible,0,Appareil conforme au besoin,1,Milieu de gamme,1,Milieu de gamme,0.9955
Orange Maroc,Support,Usage intensif,Haut de gamme,4500,64.2,Élevé,1,Vérifier la pertinence budgétaire pour ce département,2,Haut de gamme,2,Haut de gamme,0.9853
Orange Maroc,RH,Usage standard,Haut de gamme,4500,63.4,Élevé,1,Vérifier la pertinence budgétaire pour ce département,2,Haut de gamme,2,Haut de gamme,0.9897
inwi,Commercial,Usage intensif,Haut de gamme,4500,64.4,Élevé,1,Vérifier la pertinence budgétaire pour ce département,2,Haut de gamme,2,Haut de gamme,0.9922
Orange Maroc,Finance,Usage standard,Milieu de gamme,2500,40.7,Moyen,0,Appareil conforme au besoin,1,Milieu de gamme,1,Milieu de gamme,0.998
Maroc Telecom,Direction,Usage premium,Haut de gamme,4500,61.8,Élevé,1,Vérifier la pertinence budgétaire pour ce département,2,Haut de gamme,2,Haut de gamme,0.9897
Maroc Telecom,IT,Usage standard,Milieu de gamme,2500,40.2,Moyen,0,Appareil conforme au besoin,1,Milieu de gamme,1,Milieu de gamme,0.8934
inwi,Direction,Usage intensif,Entrée de gamme,1200,21.0,Faible,0,Appareil conforme au besoin,0,Entrée de gamme,0,Entrée de gamme,0.9982
Maroc Telecom,Commercial,Usage intensif,Haut de gamme,4500,65.3,Élevé,1,Vérifier la pertinence budgétaire pour ce département,2,Haut de gamme,2,Haut de gamme,0.9898
Maroc Telecom,Commercial,Usage standard,Premium,7000,94.7,Critique,1,Appareil coûteux : réserver aux profils premium,3,Premium,3,Premium,0.9998
Maroc Telecom,IT,Usage basique,Entrée de gamme,1200,22.5,Faible,0,Appareil conforme au besoin,0,Entrée de gamme,0,Entrée de gamme,0.9747
Maroc Telecom,Commercial,Usage basique,Entrée de gamme,1200,20.1,Faible,0,Appareil conforme au besoin,0,Entrée de gamme,0,Entrée de gamme,0.9999
Orange Maroc,RH,Usage basique,Premium,7000,94.1,Critique,1,Appareil coûteux : réserver aux profils premium,3,Premium,3,Premium,0.9983
inwi,IT,Usage premium,Entrée de gamme,1200,22.6,Faible,0,Appareil conforme au besoin,0,Entrée de gamme,0,Entrée de gamme,0.9262
Maroc Telecom,Commercial,Usage basique,Premium,7000,95.4,Critique,1,Appareil coûteux : réserver aux profils premium,3,Premium,3,Premium,0.9995
Maroc Telecom,Direction,Usage basique,Entrée de gamme,1200,21.7,Faible,0,Appareil conforme au besoin,0,Entrée de gamme,0,Entrée de gamme,0.9984
Maroc Telecom,Commercial,Usage intensif,Entrée de gamme,1200,24.8,Faible,0,Appareil conforme au besoin,0,Entrée de gamme,0,Entrée de gamme,0.9921
inwi,Support,Usage standard,Premium,7000,91.8,Critique,1,Appareil coûteux : réserver aux profils premium,3,Premium,3,Premium,0.9762
Orange Maroc,IT,Usage standard,Premium,7000,94.1,Critique,1,Appareil coûteux : réserver aux profils premium,3,Premium,3,Premium,0.9623
Maroc Telecom,RH,Usage basique,Entrée de gamme,1200,25.6,Faible,0,Appareil conforme au besoin,0,Entrée de gamme,0,Entrée de gamme,0.9847
inwi,IT,Usage premium,Premium,7000,92.7,Critique,1,Appareil coûteux : réserver aux profils premium,3,Premium,3,Premium,0.9957
inwi,Commercial,Usage premium,Entrée de gamme,1200,19.3,Faible,0,Appareil conforme au besoin,0,Entrée de gamme,0,Entrée de gamme,0.9954
inwi,Direction,Usage premium,Entrée de gamme,1200,22.7,Faible,0,Appareil conforme au besoin,0,Entrée de gamme,0,Entrée de gamme,0.9946
inwi,Commercial,Usage standard,Entrée de gamme,1200,22.8,Faible,0,Appareil conforme au besoin,0,Entrée de gamme,0,Entrée de gamme,0.9977
Maroc Telecom,IT,Usage intensif,Entrée de gamme,1200,19.5,Faible,0,Appareil conforme au besoin,0,Entrée de gamme,0,Entrée de gamme,0.992
inwi,RH,Usage basique,Premium,7000,94.1,Critique,1,Appareil coûteux : réserver aux profils premium,3,Premium,3,Premium,0.9908
Orange Maroc,Commercial,Usage basique,Premium,7000,93.3,Critique,1,Appareil coûteux : réserver aux profils premium,3,Premium,3,Premium,0.997
inwi,RH,Usage basique,Haut de gamme,4500,67.8,Élevé,1,Vérifier la pertinence budgétaire pour ce département,2,Haut de gamme,2,Haut de gamme,0.9815
Orange Maroc,Support,Usage standard,Entrée de gamme,1200,18.9,Faible,0,Appareil conforme au besoin,0,Entrée de gamme,0,Entrée de gamme,0.9995
inwi,Support,Usage standard,Entrée de gamme,1200,23.7,Faible,0,Appareil conforme au besoin,0,Entrée de gamme,0,Entrée de gamme,0.998
Orange Maroc,Commercial,Usage standard,Entrée de gamme,1200,22.2,Faible,0,Appareil conforme au besoin,0,Entrée de gamme,0,Entrée de gamme,0.9998
Maroc Telecom,RH,Usage basique,Entrée de gamme,1200,23.1,Faible,0,Appareil conforme au besoin,0,Entrée de gamme,0,Entrée de gamme,0.9774
Orange Maroc,Finance,Usage standard,Premium,7000,99.3,Critique,1,Appareil coûteux : réserver aux profils premium,3,Premium,3,Premium,0.9999
inwi,IT,Usage intensif,Entrée de gamme,1200,23.3,Faible,0,Appareil conforme au besoin,0,Entrée de gamme,0,Entrée de gamme,0.9971
inwi,RH,Usage standard,Haut de gamme,4500,66.9,Élevé,1,Vérifier la pertinence budgétaire pour ce département,2,Haut de gamme,2,Haut de gamme,0.9733
Maroc Telecom,RH,Usage intensif,Premium,7000,94.1,Critique,1,Appareil coûteux : réserver aux profils premium,3,Premium,3,Premium,0.985
Maroc Telecom,Commercial,Usage basique,Haut de gamme,4500,60.8,Élevé,1,Vérifier la pertinence budgétaire pour ce département,2,Haut de gamme,2,Haut de gamme,0.9767
Maroc Telecom,Commercial,Usage intensif,Premium,7000,95.3,Critique,1,Appareil coûteux : réserver aux profils premium,3,Premium,3,Premium,0.9989
Orange Maroc,IT,Usage standard,Premium,7000,92.1,Critique,1,Appareil coûteux : réserver aux profils premium,3,Premium,3,Premium,0.9975
inwi,RH,Usage basique,Haut de gamme,4500,67.9,Élevé,1,Vérifier la pertinence budgétaire pour ce département,2,Haut de gamme,2,Haut de gamme,0.9629
Maroc Telecom,Finance,Usage basique,Premium,7000,91.6,Critique,1,Appareil coûteux : réserver aux profils premium,3,Premium,2,Haut de gamme,0.9145
Orange Maroc,IT,Usage intensif,Milieu de gamme,2500,40.3,Moyen,0,Appareil conforme au besoin,1,Milieu de gamme,1,Milieu de gamme,0.9958
inwi,Support,Usage intensif,Entrée de gamme,1200,24.2,Faible,0,Appareil conforme au besoin,0,Entrée de gamme,0,Entrée de gamme,0.9986
Orange Maroc,IT,Usage standard,Haut de gamme,4500,66.7,Élevé,1,Vérifier la pertinence budgétaire pour ce département,2,Haut de gamme,2,Haut de gamme,0.977
Orange Maroc,RH,Usage standard,Entrée de gamme,1200,23.9,Faible,0,Appareil conforme au besoin,0,Entrée de gamme,0,Entrée de gamme,0.9787
Orange Maroc,IT,Usage premium,Entrée de gamme,1200,18.8,Faible,0,Appareil conforme au besoin,0,Entrée de gamme,0,Entrée de gamme,0.9997
Orange Maroc,Support,Usage intensif,Milieu de gamme,2500,39.5,Faible,0,Appareil conforme au besoin,1,Milieu de gamme,1,Milieu de gamme,0.997
Maroc Telecom,Commercial,Usage standard,Milieu de gamme,2500,40.6,Moyen,0,Appareil conforme au besoin,1,Milieu de gamme,1,Milieu de gamme,0.9848
Orange Maroc,Finance,Usage standard,Milieu de gamme,2500,36.9,Faible,0,Appareil conforme au besoin,1,Milieu de gamme,1,Milieu de gamme,0.9686
Orange Maroc,Commercial,Usage basique,Haut de gamme,4500,66.2,Élevé,1,Vérifier la pertinence budgétaire pour ce département,2,Haut de gamme,2,Haut de gamme,0.9953
inwi,Support,Usage intensif,Haut de gamme,4500,63.4,Élevé,1,Vérifier la pertinence budgétaire pour ce département,2,Haut de gamme,2,Haut de gamme,0.935
Orange Maroc,Direction,Usage standard,Entrée de gamme,1200,18.5,Faible,0,Appareil conforme au besoin,0,Entrée de gamme,0,Entrée de gamme,0.9989
inwi,Finance,Usage premium,Entrée de gamme,1200,22.8,Faible,0,Appareil conforme au besoin,0,Entrée de gamme,0,Entrée de gamme,0.9944
Maroc Telecom,Support,Usage standard,Premium,7000,92.9,Critique,1,Appareil coûteux : réserver aux profils premium,3,Premium,3,Premium,0.9995
Orange Maroc,Direction,Usage standard,Entrée de gamme,1200,20.2,Faible,0,Appareil conforme au besoin,0,Entrée de gamme,0,Entrée de gamme,0.9979
Maroc Telecom,Direction,Usage standard,Milieu de gamme,2500,41.3,Moyen,0,Appareil conforme au besoin,1,Milieu de gamme,1,Milieu de gamme,0.9957
Maroc Telecom,Commercial,Usage premium,Haut de gamme,4500,66.7,Élevé,1,Vérifier la pertinence budgétaire pour ce département,2,Haut de gamme,2,Haut de gamme,0.9885
Orange Maroc,Commercial,Usage intensif,Entrée de gamme,1200,22.2,Faible,0,Appareil conforme au besoin,0,Entrée de gamme,0,Entrée de gamme,0.9991
inwi,RH,Usage standard,Premium,7000,94.7,Critique,1,Appareil coûteux : réserver aux profils premium,3,Premium,3,Premium,0.9998
Maroc Telecom,Support,Usage intensif,Milieu de gamme,2500,44.3,Moyen,0,Appareil conforme au besoin,1,Milieu de gamme,1,Milieu de gamme,0.9656
Maroc Telecom,Commercial,Usage standard,Entrée de gamme,1200,20.3,Faible,0,Appareil conforme au besoin,0,Entrée de gamme,0,Entrée de gamme,0.9997
inwi,Commercial,Usage standard,Entrée de gamme,1200,19.6,Faible,0,Appareil conforme au besoin,0,Entrée de gamme,0,Entrée de gamme,0.9998
Maroc Telecom,RH,Usage basique,Premium,7000,91.6,Critique,1,Appareil coûteux : réserver aux profils premium,3,Premium,3,Premium,0.9962
Orange Maroc,Support,Usage standard,Entrée de gamme,1200,23.7,Faible,0,Appareil conforme au besoin,0,Entrée de gamme,0,Entrée de gamme,0.9967
Orange Maroc,Support,Usage basique,Milieu de gamme,2500,43.6,Moyen,0,Appareil conforme au besoin,1,Milieu de gamme,1,Milieu de gamme,0.9245
Orange Maroc,IT,Usage premium,Entrée de gamme,1200,23.2,Faible,0,Appareil conforme au besoin,0,Entrée de gamme,0,Entrée de gamme,0.998
Maroc Telecom,Support,Usage standard,Premium,7000,95.0,Critique,1,Appareil coûteux : réserver aux profils premium,3,Premium,3,Premium,0.9989
Maroc Telecom,Commercial,Usage premium,Premium,7000,92.2,Critique,1,Appareil coûteux : réserver aux profils premium,3,Premium,3,Premium,0.9603
inwi,Support,Usage standard,Entrée de gamme,1200,25.0,Faible,0,Appareil conforme au besoin,0,Entrée de gamme,0,Entrée de gamme,0.9658
Orange Maroc,RH,Usage intensif,Milieu de gamme,2500,41.3,Moyen,0,Appareil conforme au besoin,1,Milieu de gamme,1,Milieu de gamme,0.9861
Maroc Telecom,RH,Usage standard,Haut de gamme,4500,61.6,Élevé,1,Vérifier la pertinence budgétaire pour ce département,2,Haut de gamme,2,Haut de gamme,0.9592
inwi,Direction,Usage basique,Haut de gamme,4500,62.6,Élevé,1,Vérifier la pertinence budgétaire pour ce département,2,Haut de gamme,2,Haut de gamme,0.9924
Maroc Telecom,Finance,Usage standard,Haut de gamme,4500,64.3,Élevé,1,Vérifier la pertinence budgétaire pour ce département,2,Haut de gamme,2,Haut de gamme,0.9915
Orange Maroc,Support,Usage basique,Premium,7000,93.5,Critique,1,Appareil coûteux : réserver aux profils premium,3,Premium,3,Premium,0.974
Maroc Telecom,Commercial,Usage intensif,Entrée de gamme,1200,23.3,Faible,0,Appareil conforme au besoin,0,Entrée de gamme,0,Entrée de gamme,0.9979
inwi,Commercial,Usage standard,Milieu de gamme,2500,39.4,Faible,0,Appareil conforme au besoin,1,Milieu de gamme,1,Milieu de gamme,0.9746
Maroc Telecom,Finance,Usage intensif,Premium,7000,91.4,Critique,1,Appareil coûteux : réserver aux profils premium,3,Premium,3,Premium,0.9693
Maroc Telecom,Commercial,Usage basique,Premium,7000,91.4,Critique,1,Appareil coûteux : réserver aux profils premium,3,Premium,3,Premium,0.9531
Maroc Telecom,Finance,Usage basique,Milieu de gamme,2500,39.7,Faible,0,Appareil conforme au besoin,1,Milieu de gamme,1,Milieu de gamme,0.9903
Maroc Telecom,IT,Usage standard,Premium,7000,91.5,Critique,1,Appareil coûteux : réserver aux profils premium,3,Premium,3,Premium,0.9919
inwi,Finance,Usage premium,Entrée de gamme,1200,20.0,Faible,0,Appareil conforme au besoin,0,Entrée de gamme,0,Entrée de gamme,0.9842
inwi,IT,Usage intensif,Milieu de gamme,2500,39.9,Faible,0,Appareil conforme au besoin,1,Milieu de gamme,1,Milieu de gamme,0.9612
Maroc Telecom,Direction,Usage standard,Entrée de gamme,1200,23.3,Faible,0,Appareil conforme au besoin,0,Entrée de gamme,0,Entrée de gamme,0.9979
Maroc Telecom,Direction,Usage standard,Entrée de gamme,1200,20.6,Faible,0,Appareil conforme au besoin,0,Entrée de gamme,0,Entrée de gamme,0.9997
Orange Maroc,RH,Usage basique,Haut de gamme,4500,61.6,Élevé,1,Vérifier la pertinence budgétaire pour ce département,2,Haut de gamme,2,Haut de gamme,0.9947
inwi,Support,Usage premium,Milieu de gamme,2500,38.6,Faible,0,Appareil conforme au besoin,1,Milieu de gamme,1,Milieu de gamme,0.986
Orange Maroc,RH,Usage intensif,Entrée de gamme,1200,24.5,Faible,0,Appareil conforme au besoin,0,Entrée de gamme,0,Entrée de gamme,0.9987
Maroc Telecom,Commercial,Usage standard,Haut de gamme,4500,62.8,Élevé,1,Vérifier la pertinence budgétaire pour ce département,2,Haut de gamme,2,Haut de gamme,0.9924
Maroc Telecom,Support,Usage standard,Entrée de gamme,1200,22.4,Faible,0,Appareil conforme au besoin,0,Entrée de gamme,0,Entrée de gamme,0.9998
Orange Maroc,Direction,Usage basique,Premium,7000,91.7,Critique,1,Appareil coûteux : réserver aux profils premium,3,Premium,3,Premium,0.9959
Maroc Telecom,RH,Usage premium,Milieu de gamme,2500,41.1,Moyen,0,Appareil conforme au besoin,1,Milieu de gamme,1,Milieu de gamme,0.7047
Orange Maroc,Support,Usage basique,Entrée de gamme,1200,22.5,Faible,0,Appareil conforme au besoin,0,Entrée de gamme,0,Entrée de gamme,0.9969
Maroc Telecom,Finance,Usage intensif,Haut de gamme,4500,63.5,Élevé,1,Vérifier la pertinence budgétaire pour ce département,2,Haut de gamme,2,Haut de gamme,0.9909
inwi,Direction,Usage basique,Milieu de gamme,2500,44.0,Moyen,0,Appareil conforme au besoin,1,Milieu de gamme,1,Milieu de gamme,0.9605
Maroc Telecom,IT,Usage intensif,Haut de gamme,4500,63.7,Élevé,1,Vérifier la pertinence budgétaire pour ce département,2,Haut de gamme,2,Haut de gamme,0.9851
Orange Maroc,Commercial,Usage intensif,Milieu de gamme,2500,37.9,Faible,0,Appareil conforme au besoin,1,Milieu de gamme,1,Milieu de gamme,0.9941
Orange Maroc,Commercial,Usage intensif,Premium,7000,90.9,Critique,1,Appareil coûteux : réserver aux profils premium,3,Premium,3,Premium,0.9768
Orange Maroc,Commercial,Usage intensif,Entrée de gamme,1200,22.3,Faible,0,Appareil conforme au besoin,0,Entrée de gamme,0,Entrée de gamme,0.9969
Maroc Telecom,IT,Usage premium,Haut de gamme,4500,62.2,Élevé,1,Vérifier la pertinence budgétaire pour ce département,2,Haut de gamme,2,Haut de gamme,0.9894
Orange Maroc,Direction,Usage basique,Premium,7000,93.1,Critique,1,Appareil coûteux : réserver aux profils premium,3,Premium,3,Premium,0.9993
Orange Maroc,Finance,Usage standard,Milieu de gamme,2500,42.7,Moyen,0,Appareil conforme au besoin,1,Milieu de gamme,1,Milieu de gamme,0.9836
Orange Maroc,Commercial,Usage basique,Milieu de gamme,2500,36.6,Faible,0,Appareil conforme au besoin,1,Milieu de gamme,1,Milieu de gamme,0.971
Orange Maroc,Finance,Usage premium,Milieu de gamme,2500,39.3,Faible,0,Appareil conforme au besoin,1,Milieu de gamme,1,Milieu de gamme,0.9931
Orange Maroc,Finance,Usage standard,Haut de gamme,4500,63.9,Élevé,1,Vérifier la pertinence budgétaire pour ce département,2,Haut de gamme,2,Haut de gamme,0.9876
inwi,Commercial,Usage intensif,Milieu de gamme,2500,37.2,Faible,0,Appareil conforme au besoin,1,Milieu de gamme,1,Milieu de gamme,0.9964
Maroc Telecom,RH,Usage intensif,Premium,7000,92.9,Critique,1,Appareil coûteux : réserver aux profils premium,3,Premium,3,Premium,0.9996
inwi,IT,Usage basique,Haut de gamme,4500,65.5,Élevé,1,Vérifier la pertinence budgétaire pour ce département,2,Haut de gamme,2,Haut de gamme,0.9778
Orange Maroc,IT,Usage basique,Haut de gamme,4500,64.7,Élevé,1,Vérifier la pertinence budgétaire pour ce département,2,Haut de gamme,2,Haut de gamme,0.9227
Maroc Telecom,RH,Usage standard,Haut de gamme,4500,65.5,Élevé,1,Vérifier la pertinence budgétaire pour ce département,2,Haut de gamme,2,Haut de gamme,0.9962
Maroc Telecom,Support,Usage standard,Haut de gamme,4500,63.4,Élevé,1,Vérifier la pertinence budgétaire pour ce département,2,Haut de gamme,2,Haut de gamme,0.9957
Maroc Telecom,Support,Usage basique,Premium,7000,96.5,Critique,1,Appareil coûteux : réserver aux profils premium,3,Premium,3,Premium,0.9999
inwi,IT,Usage basique,Milieu de gamme,2500,37.2,Faible,0,Appareil conforme au besoin,1,Milieu de gamme,1,Milieu de gamme,0.7014
Orange Maroc,RH,Usage premium,Entrée de gamme,1200,19.8,Faible,0,Appareil conforme au besoin,0,Entrée de gamme,0,Entrée de gamme,0.9993
inwi,IT,Usage premium,Entrée de gamme,1200,23.1,Faible,0,Appareil conforme au besoin,0,Entrée de gamme,0,Entrée de gamme,0.9809
Orange Maroc,IT,Usage standard,Entrée de gamme,1200,23.5,Faible,0,Appareil conforme au besoin,0,Entrée de gamme,0,Entrée de gamme,0.9973
Maroc Telecom,Commercial,Usage standard,Entrée de gamme,1200,24.0,Faible,0,Appareil conforme au besoin,0,Entrée de gamme,1,Milieu de gamme,0.7629
Maroc Telecom,Commercial,Usage basique,Haut de gamme,4500,65.6,Élevé,1,Vérifier la pertinence budgétaire pour ce département,2,Haut de gamme,2,Haut de gamme,0.9807
Maroc Telecom,IT,Usage intensif,Milieu de gamme,2500,38.6,Faible,0,Appareil conforme au besoin,1,Milieu de gamme,1,Milieu de gamme,0.9935
Maroc Telecom,Finance,Usage intensif,Haut de gamme,4500,66.0,Élevé,1,Vérifier la pertinence budgétaire pour ce département,2,Haut de gamme,2,Haut de gamme,0.9846
Maroc Telecom,IT,Usage basique,Milieu de gamme,2500,38.8,Faible,0,Appareil conforme au besoin,1,Milieu de gamme,1,Milieu de gamme,0.9898
Maroc Telecom,Support,Usage basique,Entrée de gamme,1200,23.0,Faible,0,Appareil conforme au besoin,0,Entrée de gamme,0,Entrée de gamme,0.9842
Orange Maroc,Direction,Usage intensif,Milieu de gamme,2500,39.3,Faible,0,Appareil conforme au besoin,1,Milieu de gamme,1,Milieu de gamme,0.9934
Orange Maroc,IT,Usage intensif,Premium,7000,91.9,Critique,1,Appareil coûteux : réserver aux profils premium,3,Premium,2,Haut de gamme,0.5702
inwi,Finance,Usage basique,Entrée de gamme,1200,23.0,Faible,0,Appareil conforme au besoin,0,Entrée de gamme,0,Entrée de gamme,0.9861
inwi,Support,Usage intensif,Premium,7000,93.1,Critique,1,Appareil coûteux : réserver aux profils premium,3,Premium,3,Premium,0.989
Orange Maroc,Direction,Usage standard,Entrée de gamme,1200,16.5,Faible,0,Appareil conforme au besoin,0,Entrée de gamme,0,Entrée de gamme,0.9998
Maroc Telecom,RH,Usage standard,Premium,7000,95.1,Critique,1,Appareil coûteux : réserver aux profils premium,3,Premium,3,Premium,0.9993
Orange Maroc,IT,Usage intensif,Premium,7000,92.2,Critique,1,Appareil coûteux : réserver aux profils premium,3,Premium,3,Premium,0.9621
inwi,IT,Usage intensif,Milieu de gamme,2500,41.4,Moyen,0,Appareil conforme au besoin,1,Milieu de gamme,1,Milieu de gamme,0.9964
Maroc Telecom,Commercial,Usage standard,Haut de gamme,4500,63.7,Élevé,1,Vérifier la pertinence budgétaire pour ce département,2,Haut de gamme,2,Haut de gamme,0.9939
Maroc Telecom,RH,Usage premium,Entrée de gamme,1200,22.7,Faible,0,Appareil conforme au besoin,0,Entrée de gamme,0,Entrée de gamme,0.9709
inwi,IT,Usage standard,Haut de gamme,4500,60.4,Élevé,1,Vérifier la pertinence budgétaire pour ce département,2,Haut de gamme,2,Haut de gamme,0.965
Maroc Telecom,Commercial,Usage intensif,Milieu de gamme,2500,43.9,Moyen,0,Appareil conforme au besoin,1,Milieu de gamme,1,Milieu de gamme,0.9834
Orange Maroc,IT,Usage standard,Milieu de gamme,2500,39.3,Faible,0,Appareil conforme au besoin,1,Milieu de gamme,1,Milieu de gamme,0.9826
Orange Maroc,Support,Usage premium,Entrée de gamme,1200,20.1,Faible,0,Appareil conforme au besoin,0,Entrée de gamme,0,Entrée de gamme,0.9995
Maroc Telecom,Finance,Usage premium,Haut de gamme,4500,65.4,Élevé,1,Vérifier la pertinence budgétaire pour ce département,2,Haut de gamme,2,Haut de gamme,0.9586
Maroc Telecom,IT,Usage basique,Milieu de gamme,2500,35.9,Faible,0,Appareil conforme au besoin,1,Milieu de gamme,1,Milieu de gamme,0.9135
Maroc Telecom,Commercial,Usage premium,Entrée de gamme,1200,23.5,Faible,0,Appareil conforme au besoin,0,Entrée de gamme,0,Entrée de gamme,0.9627
Maroc Telecom,RH,Usage intensif,Haut de gamme,4500,61.8,Élevé,1,Vérifier la pertinence budgétaire pour ce département,2,Haut de gamme,2,Haut de gamme,0.9939
Maroc Telecom,Direction,Usage intensif,Haut de gamme,4500,64.7,Élevé,1,Vérifier la pertinence budgétaire pour ce département,2,Haut de gamme,2,Haut de gamme,0.9505
inwi,Commercial,Usage basique,Milieu de gamme,2500,38.8,Faible,0,Appareil conforme au besoin,1,Milieu de gamme,1,Milieu de gamme,0.9945
Maroc Telecom,Finance,Usage intensif,Entrée de gamme,1200,22.1,Faible,0,Appareil conforme au besoin,0,Entrée de gamme,0,Entrée de gamme,0.9991
Orange Maroc,Support,Usage premium,Premium,7000,93.3,Critique,1,Appareil coûteux : réserver aux profils premium,3,Premium,3,Premium,0.9992
Maroc Telecom,Finance,Usage standard,Milieu de gamme,2500,40.4,Moyen,0,Appareil conforme au besoin,1,Milieu de gamme,1,Milieu de gamme,0.9881
inwi,Direction,Usage premium,Premium,7000,90.2,Critique,1,Appareil coûteux : réserver aux profils premium,3,Premium,3,Premium,0.992
Maroc Telecom,RH,Usage basique,Entrée de gamme,1200,20.5,Faible,0,Appareil conforme au besoin,0,Entrée de gamme,0,Entrée de gamme,0.9995
Maroc Telecom,Commercial,Usage basique,Haut de gamme,4500,63.7,Élevé,1,Vérifier la pertinence budgétaire pour ce département,2,Haut de gamme,2,Haut de gamme,0.9716
inwi,IT,Usage standard,Milieu de gamme,2500,41.1,Moyen,0,Appareil conforme au besoin,1,Milieu de gamme,1,Milieu de gamme,0.9976
inwi,RH,Usage standard,Milieu de gamme,2500,42.2,Moyen,0,Appareil conforme au besoin,1,Milieu de gamme,1,Milieu de gamme,0.9743
Maroc Telecom,Support,Usage intensif,Milieu de gamme,2500,39.7,Faible,0,Appareil conforme au besoin,1,Milieu de gamme,1,Milieu de gamme,0.9735
inwi,Support,Usage basique,Milieu de gamme,2500,38.8,Faible,0,Appareil conforme au besoin,1,Milieu de gamme,1,Milieu de gamme,0.9948
Orange Maroc,Finance,Usage premium,Haut de gamme,4500,65.5,Élevé,1,Vérifier la pertinence budgétaire pour ce département,2,Haut de gamme,2,Haut de gamme,0.9919
Orange Maroc,Finance,Usage basique,Haut de gamme,4500,67.6,Élevé,1,Vérifier la pertinence budgétaire pour ce département,2,Haut de gamme,2,Haut de gamme,0.9754
Maroc Telecom,Support,Usage basique,Milieu de gamme,2500,40.1,Moyen,0,Appareil conforme au besoin,1,Milieu de gamme,1,Milieu de gamme,0.9915
Maroc Telecom,Direction,Usage basique,Premium,7000,94.9,Critique,1,Appareil coûteux : réserver aux profils premium,3,Premium,3,Premium,0.9999
Orange Maroc,IT,Usage standard,Milieu de gamme,2500,40.0,Moyen,0,Appareil conforme au besoin,1,Milieu de gamme,1,Milieu de gamme,0.9973
Orange Maroc,Commercial,Usage premium,Entrée de gamme,1200,22.2,Faible,0,Appareil conforme au besoin,0,Entrée de gamme,0,Entrée de gamme,0.9888
Maroc Telecom,RH,Usage intensif,Milieu de gamme,2500,40.8,Moyen,0,Appareil conforme au besoin,1,Milieu de gamme,1,Milieu de gamme,0.9955
Orange Maroc,Support,Usage intensif,Milieu de gamme,2500,40.9,Moyen,0,Appareil conforme au besoin,1,Milieu de gamme,1,Milieu de gamme,0.9745
inwi,IT,Usage basique,Entrée de gamme,1200,21.6,Faible,0,Appareil conforme au besoin,0,Entrée de gamme,0,Entrée de gamme,0.997
Maroc Telecom,Finance,Usage standard,Premium,7000,97.3,Critique,1,Appareil coûteux : réserver aux profils premium,3,Premium,3,Premium,0.9978
Orange Maroc,Support,Usage standard,Entrée de gamme,1200,21.3,Faible,0,Appareil conforme au besoin,0,Entrée de gamme,0,Entrée de gamme,0.976
Maroc Telecom,IT,Usage standard,Premium,7000,97.2,Critique,1,Appareil coûteux : réserver aux profils premium,3,Premium,3,Premium,0.9997
inwi,Commercial,Usage basique,Premium,7000,94.2,Critique,1,Appareil coûteux : réserver aux profils premium,3,Premium,3,Premium,0.9993
Orange Maroc,RH,Usage intensif,Entrée de gamme,1200,19.3,Faible,0,Appareil conforme au besoin,0,Entrée de gamme,0,Entrée de gamme,0.9948
inwi,RH,Usage standard,Haut de gamme,4500,65.0,Élevé,1,Vérifier la pertinence budgétaire pour ce département,2,Haut de gamme,2,Haut de gamme,0.9711
Maroc Telecom,RH,Usage intensif,Premium,7000,94.9,Critique,1,Appareil coûteux : réserver aux profils premium,3,Premium,3,Premium,0.9994
Maroc Telecom,Commercial,Usage standard,Entrée de gamme,1200,23.9,Faible,0,Appareil conforme au besoin,0,Entrée de gamme,0,Entrée de gamme,0.9968
Maroc Telecom,IT,Usage basique,Premium,7000,92.2,Critique,1,Appareil coûteux : réserver aux profils premium,3,Premium,3,Premium,0.9564
